code,name,track_index,track_index_code,fund_type,invest_strategy,list_date,management_fee,custody_fee,fund_company,scale,created_at,updated_at
159001,货币ETF易方达,货币基金,,,,,,,,23.46,2026-05-04 19:51:39.326881+08:00,
159003,招商快线ETF,,,,,,,,,2.13,2026-05-04 19:51:39.326881+08:00,
159005,快钱ETF汇添富,,,,,,,,,0.86,2026-05-04 19:51:39.326881+08:00,
159007,养殖ETF华泰柏瑞,,,,,,,,,2.16,2026-05-04 19:51:39.326881+08:00,
159008,证券ETF景顺,证券指数,,,,,,,,3.38,2026-05-04 19:51:39.326881+08:00,
159009,创业板新能源ETF易方达,创业板指,,,,,,,,0.74,2026-05-04 19:51:39.326881+08:00,
159013,工业互联网ETF大成,,,,,,,,,2.99,2026-05-04 19:51:39.326881+08:00,
159018,石油ETF广发,能源指数,,,,,,,,1.28,2026-05-04 19:51:39.326881+08:00,
159019,石油ETF华宝,能源指数,,,,,,,,0.98,2026-05-04 19:51:39.326881+08:00,
159020,养殖ETF易方达,,,,,,,,,1.30,2026-05-04 19:51:39.326881+08:00,
159022,科创创业人工智能ETF富国,人工智能指数,,,,,,,,3.04,2026-05-04 19:51:39.326881+08:00,
159026,石油ETF南方,能源指数,,,,,,,,0.94,2026-05-04 19:51:39.326881+08:00,
159100,巴西ETF华夏,,,,,,,,,5.11,2026-05-04 19:51:39.326881+08:00,
159101,港股通科技ETF华夏,科技指数,,,,,,,,30.41,2026-05-04 19:51:39.326881+08:00,
159102,港股通生物科技ETF华安,科技指数,,,,,,,,5.82,2026-05-04 19:51:39.326881+08:00,
159103,金融科技ETF汇添富,科技指数,,,,,,,,2.12,2026-05-04 19:51:39.326881+08:00,
159105,恒生生物科技ETF易方达,科技指数,,,,,,,,1.54,2026-05-04 19:51:39.326881+08:00,
159106,民企300ETF前海开源,沪深300,,,,,,,,0.52,2026-05-04 19:51:39.326881+08:00,
159107,创业板软件ETF富国,创业板指,,,,,,,,5.52,2026-05-04 19:51:39.326881+08:00,
159108,工业软件ETF博时,,,,,,,,,1.66,2026-05-04 19:51:39.326881+08:00,
159109,恒生50ETF景顺,上证50,,,,,,,,4.18,2026-05-04 19:51:39.326881+08:00,
159117,港股通红利低波ETF鹏华,红利指数,,,,,,,,0.77,2026-05-04 19:51:39.326881+08:00,
159118,港股通红利低波ETF华夏,红利指数,,,,,,,,1.00,2026-05-04 19:51:39.326881+08:00,
159119,800现金流ETF招商,黄金,,,,,,,,2.25,2026-05-04 19:51:39.326881+08:00,
159120,港股通科技ETF国联安,科技指数,,,,,,,,1.43,2026-05-04 19:51:39.326881+08:00,
159121,港股通汽车ETF易方达,汽车指数,,,,,,,,1.08,2026-05-04 19:51:39.326881+08:00,
159122,创业板新能源ETF富国,创业板指,,,,,,,,0.80,2026-05-04 19:51:39.326881+08:00,
159123,光伏ETF嘉实,光伏指数,,,,,,,,5.62,2026-05-04 19:51:39.326881+08:00,
159125,港股通科技ETF招商,科技指数,,,,,,,,6.63,2026-05-04 19:51:39.326881+08:00,
159126,港股通50ETF南方,上证50,,,,,,,,3.52,2026-05-04 19:51:39.326881+08:00,
159127,港股通红利ETF南方,红利指数,,,,,,,,2.13,2026-05-04 19:51:39.326881+08:00,
159128,港股科技ETF天弘,科技指数,,,,,,,,21.38,2026-05-04 19:51:39.326881+08:00,
159129,化工ETF嘉实,化工指数,,,,,,,,19.44,2026-05-04 19:51:39.326881+08:00,
159130,恒生生物科技ETF鹏华,科技指数,,,,,,,,2.18,2026-05-04 19:51:39.326881+08:00,
159131,港股通信息技术ETF华宝,通信指数,,,,,,,,6.30,2026-05-04 19:51:39.326881+08:00,
159132,恒生生物科技ETF富国,科技指数,,,,,,,,0.88,2026-05-04 19:51:39.326881+08:00,
159133,化工ETF天弘,化工指数,,,,,,,,29.00,2026-05-04 19:51:39.326881+08:00,
159135,港股通科技ETF前海开源,科技指数,,,,,,,,7.12,2026-05-04 19:51:39.326881+08:00,
159136,A50ETF广发,上证50,,,,,,,,1.36,2026-05-04 19:51:39.326881+08:00,
159137,港股通医疗ETF华宝,医药指数,,,,,,,,1.60,2026-05-04 19:51:39.326881+08:00,
159138,工程机械ETF易方达,,,,,,,,,0.89,2026-05-04 19:51:39.326881+08:00,
159139,科创创业人工智能ETF华泰柏瑞,人工智能指数,,,,,,,,3.47,2026-05-04 19:51:39.326881+08:00,
159140,科创创业人工智能ETF易方达,人工智能指数,,,,,,,,6.10,2026-05-04 19:51:39.326881+08:00,
159141,科创创业人工智能ETF永赢,人工智能指数,,,,,,,,9.15,2026-05-04 19:51:39.326881+08:00,
159142,科创创业人工智能ETF景顺,人工智能指数,,,,,,,,6.27,2026-05-04 19:51:39.326881+08:00,
159143,港股通央企红利ETF平安,红利指数,,,,,,,,0.72,2026-05-04 19:51:39.326881+08:00,
159145,工业软件ETF广发,,,,,,,,,0.98,2026-05-04 19:51:39.326881+08:00,
159146,电力ETF华宝,电力指数,,,,,,,,7.72,2026-05-04 19:51:39.326881+08:00,
159147,电池ETF南方,,,,,,,,,20.45,2026-05-04 19:51:39.326881+08:00,
159148,石油ETF富国,能源指数,,,,,,,,3.43,2026-05-04 19:51:39.326881+08:00,
159149,创业板新能源ETF工银,创业板指,,,,,,,,0.84,2026-05-04 19:51:39.326881+08:00,
159150,深证50ETF易方达,上证50,,,,,,,,1.44,2026-05-04 19:51:39.326881+08:00,
159151,食品ETF华夏,,,,,,,,,1.16,2026-05-04 19:51:39.326881+08:00,
159152,港股通科技ETF平安,科技指数,,,,,,,,8.12,2026-05-04 19:51:39.326881+08:00,
159153,消费电子ETF鹏华,消费指数,,,,,,,,0.77,2026-05-04 19:51:39.326881+08:00,
159155,电池ETF大成,,,,,,,,,5.03,2026-05-04 19:51:39.326881+08:00,
159156,电池ETF万家,,,,,,,,,2.97,2026-05-04 19:51:39.326881+08:00,
159157,有色金属ETF天弘,有色指数,,,,,,,,68.56,2026-05-04 19:51:39.326881+08:00,
159158,电力ETF景顺,电力指数,,,,,,,,12.62,2026-05-04 19:51:39.326881+08:00,
159159,公用事业ETF国投瑞银,公用事业指数,,,,,,,,1.73,2026-05-04 19:51:39.326881+08:00,
159160,电池ETF东财,,,,,,,,,1.25,2026-05-04 19:51:39.326881+08:00,
159162,工业有色ETF鹏华,有色指数,,,,,,,,4.40,2026-05-04 19:51:39.326881+08:00,
159163,有色ETF泰康,有色指数,,,,,,,,2.02,2026-05-04 19:51:39.326881+08:00,
159165,养殖ETF永赢,,,,,,,,,1.28,2026-05-04 19:51:39.326881+08:00,
159166,现金流ETF长城,黄金,,,,,,,,7.00,2026-05-04 19:51:39.326881+08:00,
159167,港股通医疗ETF工银,医药指数,,,,,,,,2.23,2026-05-04 19:51:39.326881+08:00,
159168,有色ETF富国,有色指数,,,,,,,,2.17,2026-05-04 19:51:39.326881+08:00,
159169,恒生生物科技ETF广发,科技指数,,,,,,,,2.01,2026-05-04 19:51:39.326881+08:00,
159170,港股通互联网ETF永赢,港股指数,,,,,,,,3.10,2026-05-04 19:51:39.326881+08:00,
159171,工业有色ETF博时,有色指数,,,,,,,,2.17,2026-05-04 19:51:39.326881+08:00,
159172,养殖ETF汇添富,,,,,,,,,3.86,2026-05-04 19:51:39.326881+08:00,
159173,农牧ETF南方,,,,,,,,,0.63,2026-05-04 19:51:39.326881+08:00,
159175,电池ETF易方达,,,,,,,,,2.58,2026-05-04 19:51:39.326881+08:00,
159176,家电ETF华宝,消费指数,,,,,,,,0.40,2026-05-04 19:51:39.326881+08:00,
159177,工程机械ETF鹏华,,,,,,,,,0.56,2026-05-04 19:51:39.326881+08:00,
159178,消费电子ETF汇添富,消费指数,,,,,,,,1.84,2026-05-04 19:51:39.326881+08:00,
159179,港股通互联网ETF工银,港股指数,,,,,,,,1.09,2026-05-04 19:51:39.326881+08:00,
159180,软件ETF银华,,,,,,,,,0.46,2026-05-04 19:51:39.326881+08:00,
159181,石油ETF易方达,能源指数,,,,,,,,1.82,2026-05-04 19:51:39.326881+08:00,
159183,新能源车ETF招商,新能源指数,,,,,,,,0.89,2026-05-04 19:51:39.326881+08:00,
159185,港股通信息技术ETF鹏华,通信指数,,,,,,,,1.02,2026-05-04 19:51:39.326881+08:00,
159186,港股通汽车ETF鹏华,汽车指数,,,,,,,,1.47,2026-05-04 19:51:39.326881+08:00,
159187,创业板新能源ETF景顺,创业板指,,,,,,,,0.85,2026-05-04 19:51:39.326881+08:00,
159188,红利100ETF景顺,红利指数,,,,,,,,0.86,2026-05-04 19:51:39.326881+08:00,
159189,石油ETF华夏,能源指数,,,,,,,,1.55,2026-05-04 19:51:39.326881+08:00,
159190,创业板新能源ETF天弘,创业板指,,,,,,,,0.87,2026-05-04 19:51:39.326881+08:00,
159191,港股通科技ETF易方达,科技指数,,,,,,,,0.87,2026-05-04 19:51:39.326881+08:00,
159192,家电ETF汇添富,消费指数,,,,,,,,2.45,2026-05-04 19:51:39.326881+08:00,
159195,石油ETF华安,能源指数,,,,,,,,1.20,2026-05-04 19:51:39.326881+08:00,
159196,港股通信息技术ETF易方达,通信指数,,,,,,,,1.36,2026-05-04 19:51:39.326881+08:00,
159197,石油ETF招商,能源指数,,,,,,,,0.59,2026-05-04 19:51:39.326881+08:00,
159198,港股通信息技术ETF富国,通信指数,,,,,,,,0.75,2026-05-04 19:51:39.326881+08:00,
159199,石油ETF平安,能源指数,,,,,,,,1.27,2026-05-04 19:51:39.326881+08:00,
159201,自由现金流ETF华夏,黄金,,,,,,,,209.18,2026-05-04 19:51:39.326881+08:00,
159202,恒生互联网ETF万家,恒生指数,,,,,,,,11.58,2026-05-04 19:51:39.326881+08:00,
159203,大盘成长ETF博时,,,,,,,,,0.07,2026-05-04 19:51:39.326881+08:00,
159205,创业板ETF东财,创业板指,,,,,,,,5.57,2026-05-04 19:51:39.326881+08:00,
159206,卫星ETF永赢,,,,,,,,,232.24,2026-05-04 19:51:39.326881+08:00,
159207,高股息ETF广发,,,,,,,,,11.38,2026-05-04 19:51:39.326881+08:00,
159208,航空航天ETF万家,,,,,,,,,3.71,2026-05-04 19:51:39.326881+08:00,
159209,红利质量ETF招商,红利指数,,,,,,,,24.80,2026-05-04 19:51:39.326881+08:00,
159210,港股通汽车ETF汇添富,汽车指数,,,,,,,,0.87,2026-05-04 19:51:39.326881+08:00,
159211,深证100ETF富国,深证100,,,,,,,,0.30,2026-05-04 19:51:39.326881+08:00,
159212,深100ETF南方,深证100,,,,,,,,1.22,2026-05-04 19:51:39.326881+08:00,
159213,机器人ETF汇添富,机器人指数,,,,,,,,6.45,2026-05-04 19:51:39.326881+08:00,
159215,A500ETF平安,中证500,,,,,,,,12.72,2026-05-04 19:51:39.326881+08:00,
159216,深证100ETF大成,深证100,,,,,,,,0.15,2026-05-04 19:51:39.326881+08:00,
159217,港股通创新药ETF工银,港股指数,,,,,,,,57.24,2026-05-04 19:51:39.326881+08:00,
159218,卫星ETF招商,,,,,,,,,40.90,2026-05-04 19:51:39.326881+08:00,
159219,深证100ETF融通,深证100,,,,,,,,0.56,2026-05-04 19:51:39.326881+08:00,
159220,港股通红利低波ETF华宝,红利指数,,,,,,,,3.05,2026-05-04 19:51:39.326881+08:00,
159221,现金流ETF嘉实,黄金,,,,,,,,14.81,2026-05-04 19:51:39.326881+08:00,
159222,自由现金流ETF易方达,黄金,,,,,,,,21.86,2026-05-04 19:51:39.326881+08:00,
159223,现金流ETF永赢,黄金,,,,,,,,3.63,2026-05-04 19:51:39.326881+08:00,
159225,现金流ETF银华,黄金,,,,,,,,5.63,2026-05-04 19:51:39.326881+08:00,
159226,中证A500增强ETF国泰,,,,,,,,,0.83,2026-05-04 19:51:39.326881+08:00,
159227,航空航天ETF华夏,,,,,,,,,48.22,2026-05-04 19:51:39.326881+08:00,
159228,红利低波ETF长城,红利指数,,,,,,,,1.58,2026-05-04 19:51:39.326881+08:00,
159229,自由现金流ETF广发,黄金,,,,,,,,1.58,2026-05-04 19:51:39.326881+08:00,
159230,通用航空ETF华夏,,,,,,,,,4.38,2026-05-04 19:51:39.326881+08:00,
159231,通用航空ETF华宝,,,,,,,,,2.06,2026-05-04 19:51:39.326881+08:00,
159232,自由现金流ETF南方,黄金,,,,,,,,44.27,2026-05-04 19:51:39.326881+08:00,
159233,自由现金流ETF平安,黄金,,,,,,,,6.74,2026-05-04 19:51:39.326881+08:00,
159235,中证现金流ETF大成,黄金,,,,,,,,42.04,2026-05-04 19:51:39.326881+08:00,
159236,自由现金流ETF工银,黄金,,,,,,,,0.77,2026-05-04 19:51:39.326881+08:00,
159237,港股汽车ETF工银,汽车指数,,,,,,,,0.49,2026-05-04 19:51:39.326881+08:00,
159238,沪深300增强ETF景顺,沪深300,,,,,,,,0.45,2026-05-04 19:51:39.326881+08:00,
159239,港股通汽车ETF富国,汽车指数,,,,,,,,0.95,2026-05-04 19:51:39.326881+08:00,
159240,A500增强ETF天弘,,,,,,,,,0.24,2026-05-04 19:51:39.326881+08:00,
159241,航空航天ETF天弘,,,,,,,,,11.51,2026-05-04 19:51:39.326881+08:00,
159242,创业板人工智能ETF大成,创业板指,,,,,,,,4.30,2026-05-04 19:51:39.326881+08:00,
159243,创业板人工智能ETF招商,创业板指,,,,,,,,2.24,2026-05-04 19:51:39.326881+08:00,
159245,港股通消费ETF富国,消费指数,,,,,,,,1.09,2026-05-04 19:51:39.326881+08:00,
159246,创业板人工智能ETF富国,创业板指,,,,,,,,34.20,2026-05-04 19:51:39.326881+08:00,
159247,创业板ETF汇添富,创业板指,,,,,,,,1.99,2026-05-04 19:51:39.326881+08:00,
159248,人工智能ETF万家,人工智能指数,,,,,,,,2.32,2026-05-04 19:51:39.326881+08:00,
159249,A500增强ETF工银,,,,,,,,,1.50,2026-05-04 19:51:39.326881+08:00,
159251,港股通科技ETF万家,科技指数,,,,,,,,2.30,2026-05-04 19:51:39.326881+08:00,
159253,银行ETF博时,银行指数,,,,,,,,0.84,2026-05-04 19:51:39.326881+08:00,
159255,通用航空ETF易方达,,,,,,,,,0.58,2026-05-04 19:51:39.326881+08:00,
159256,创业板软件ETF华夏,创业板指,,,,,,,,4.32,2026-05-04 19:51:39.326881+08:00,
159257,航空ETF汇添富,,,,,,,,,1.63,2026-05-04 19:51:39.326881+08:00,
159258,机器人ETF南方,机器人指数,,,,,,,,16.64,2026-05-04 19:51:39.326881+08:00,
159259,成长ETF易方达,,,,,,,,,20.41,2026-05-04 19:51:39.326881+08:00,
159260,证券ETF博时,证券指数,,,,,,,,9.01,2026-05-04 19:51:39.326881+08:00,
159261,创业板新能源ETF鹏华,创业板指,,,,,,,,1.15,2026-05-04 19:51:39.326881+08:00,
159262,港股通科技ETF广发,科技指数,,,,,,,,97.87,2026-05-04 19:51:39.326881+08:00,
159263,价值ETF易方达,,,,,,,,,40.04,2026-05-04 19:51:39.326881+08:00,
159265,港股消费ETF鹏华,消费指数,,,,,,,,3.86,2026-05-04 19:51:39.326881+08:00,
159266,港股央企红利ETF永赢,红利指数,,,,,,,,4.69,2026-05-04 19:51:39.326881+08:00,
159267,航天ETF华安,,,,,,,,,20.23,2026-05-04 19:51:39.326881+08:00,
159268,港股通消费ETF汇添富,消费指数,,,,,,,,6.34,2026-05-04 19:51:39.326881+08:00,
159269,港股通科技ETF南方,科技指数,,,,,,,,19.62,2026-05-04 19:51:39.326881+08:00,
159270,创业板200ETF南方,创业板指,,,,,,,,1.43,2026-05-04 19:51:39.326881+08:00,
159271,恒生ETF鹏华,恒生指数,,,,,,,,0.73,2026-05-04 19:51:39.326881+08:00,
159272,机器人ETF富国,机器人指数,,,,,,,,24.62,2026-05-04 19:51:39.326881+08:00,
159273,云计算ETF汇添富,云计算指数,,,,,,,,13.12,2026-05-04 19:51:39.326881+08:00,
159275,农牧渔ETF华宝,,,,,,,,,2.30,2026-05-04 19:51:39.326881+08:00,
159276,现金流ETF汇添富,黄金,,,,,,,,5.29,2026-05-04 19:51:39.326881+08:00,
159277,港股通红利ETF富国,红利指数,,,,,,,,0.71,2026-05-04 19:51:39.326881+08:00,
159278,机器人ETF鹏华,机器人指数,,,,,,,,13.59,2026-05-04 19:51:39.326881+08:00,
159279,创业板人工智能ETF华安,创业板指,,,,,,,,1.81,2026-05-04 19:51:39.326881+08:00,
159280,港股通互联网ETF汇添富,港股指数,,,,,,,,0.91,2026-05-04 19:51:39.326881+08:00,
159281,港股央企红利ETF天弘,红利指数,,,,,,,,4.02,2026-05-04 19:51:39.326881+08:00,
159283,通用航空ETF南方,,,,,,,,,3.23,2026-05-04 19:51:39.326881+08:00,
159285,港股通消费ETF华安,消费指数,,,,,,,,2.72,2026-05-04 19:51:39.326881+08:00,
159286,港股通创新药ETF鹏华,港股指数,,,,,,,,5.34,2026-05-04 19:51:39.326881+08:00,
159287,创业板综ETF博时,创业板指,,,,,,,,1.87,2026-05-04 19:51:39.326881+08:00,
159288,创业板综ETF银华,创业板指,,,,,,,,1.45,2026-05-04 19:51:39.326881+08:00,
159289,创业板综指ETF鹏华,创业板指,,,,,,,,0.46,2026-05-04 19:51:39.326881+08:00,
159290,创业板综指增强ETF东财,创业板指,,,,,,,,0.68,2026-05-04 19:51:39.326881+08:00,
159291,创业板综增强ETF招商,创业板指,,,,,,,,0.29,2026-05-04 19:51:39.326881+08:00,
159292,创业板综增强ETF华宝,创业板指,,,,,,,,0.47,2026-05-04 19:51:39.326881+08:00,
159293,创业板综增强ETF建信,创业板指,,,,,,,,0.39,2026-05-04 19:51:39.326881+08:00,
159295,创业综指ETF西部利得,,,,,,,,,1.02,2026-05-04 19:51:39.326881+08:00,
159296,A500红利低波ETF华宝,红利指数,,,,,,,,0.50,2026-05-04 19:51:39.326881+08:00,
159297,港股通创新药ETF南方,港股指数,,,,,,,,22.31,2026-05-04 19:51:39.326881+08:00,
159298,创业板50ETF大成,上证50,,,,,,,,2.13,2026-05-04 19:51:39.326881+08:00,
159299,金融科技ETF易方达,科技指数,,,,,,,,1.96,2026-05-04 19:51:39.326881+08:00,
159300,沪深300ETF富国,沪深300,,,,,,,,9.08,2026-05-04 19:51:39.326881+08:00,
159301,公用事业ETF华夏,公用事业指数,,,,,,,,1.00,2026-05-04 19:51:39.326881+08:00,
159302,港股高股息ETF银华,港股指数,,,,,,,,0.99,2026-05-04 19:51:39.326881+08:00,
159303,恒生医疗ETF大成,医药指数,,,,,,,,0.92,2026-05-04 19:51:39.326881+08:00,
159305,储能电池ETF广发,,,,,,,,,8.99,2026-05-04 19:51:39.326881+08:00,
159306,汽车零部件ETF平安,汽车指数,,,,,,,,0.29,2026-05-04 19:51:39.326881+08:00,
159307,红利低波100ETF博时,红利指数,,,,,,,,55.88,2026-05-04 19:51:39.326881+08:00,
159309,油气ETF汇添富,,,,,,,,,12.68,2026-05-04 19:51:39.326881+08:00,
159310,芯片ETF天弘,芯片指数,,,,,,,,12.40,2026-05-04 19:51:39.326881+08:00,
159311,数字经济ETF易方达,,,,,,,,,0.59,2026-05-04 19:51:39.326881+08:00,
159312,恒指港股通ETF广发,港股指数,,,,,,,,0.89,2026-05-04 19:51:39.326881+08:00,
159315,黄金股ETF工银,黄金,,,,,,,,3.22,2026-05-04 19:51:39.326881+08:00,
159316,港股通创新药ETF易方达,港股指数,,,,,,,,47.00,2026-05-04 19:51:39.326881+08:00,
159318,恒指港股通ETF银华,港股指数,,,,,,,,0.37,2026-05-04 19:51:39.326881+08:00,
159320,电网设备ETF广发,,,,,,,,,11.24,2026-05-04 19:51:39.326881+08:00,
159321,黄金股ETF华安,黄金,,,,,,,,6.19,2026-05-04 19:51:39.326881+08:00,
159322,黄金股ETF平安,黄金,,,,,,,,2.18,2026-05-04 19:51:39.326881+08:00,
159323,港股通汽车ETF华夏,汽车指数,,,,,,,,1.50,2026-05-04 19:51:39.326881+08:00,
159325,半导体ETF南方,半导体指数,,,,,,,,3.79,2026-05-04 19:51:39.326881+08:00,
159326,电网设备ETF华夏,,,,,,,,,326.19,2026-05-04 19:51:39.326881+08:00,
159327,半导体设备ETF万家,半导体指数,,,,,,,,12.59,2026-05-04 19:51:39.326881+08:00,
159328,家电ETF易方达,消费指数,,,,,,,,1.44,2026-05-04 19:51:39.326881+08:00,
159329,沙特ETF南方,,,,,,,,,12.45,2026-05-04 19:51:39.326881+08:00,
159330,沪深300ETF东财,沪深300,,,,,,,,4.59,2026-05-04 19:51:39.326881+08:00,
159331,红利港股ETF国泰,红利指数,,,,,,,,2.20,2026-05-04 19:51:39.326881+08:00,
159332,央企红利ETF富国,红利指数,,,,,,,,0.95,2026-05-04 19:51:39.326881+08:00,
159333,港股央企红利ETF万家,红利指数,,,,,,,,4.71,2026-05-04 19:51:39.326881+08:00,
159335,央企科创ETF融通,央企指数,,,,,,,,0.97,2026-05-04 19:51:39.326881+08:00,
159336,央企红利ETF融通,红利指数,,,,,,,,3.75,2026-05-04 19:51:39.326881+08:00,
159337,中证500ETF东财,中证500,,,,,,,,5.06,2026-05-04 19:51:39.326881+08:00,
159338,中证A500ETF国泰,中证500,,,,,,,,268.31,2026-05-04 19:51:39.326881+08:00,
159339,A500ETF银华,中证500,,,,,,,,25.49,2026-05-04 19:51:39.326881+08:00,
159350,深证50ETF富国,上证50,,,,,,,,1.72,2026-05-04 19:51:39.326881+08:00,
159351,A500ETF嘉实,中证500,,,,,,,,84.34,2026-05-04 19:51:39.326881+08:00,
159352,A500ETF南方,中证500,,,,,,,,331.93,2026-05-04 19:51:39.326881+08:00,
159353,中证A500ETF景顺,中证500,,,,,,,,44.23,2026-05-04 19:51:39.326881+08:00,
159355,800红利低波ETF华宝,红利指数,,,,,,,,1.55,2026-05-04 19:51:39.326881+08:00,
159356,A500ETF万家,中证500,,,,,,,,9.98,2026-05-04 19:51:39.326881+08:00,
159357,A500ETF博时,中证500,,,,,,,,20.14,2026-05-04 19:51:39.326881+08:00,
159358,中证A500ETF大成,中证500,,,,,,,,9.84,2026-05-04 19:51:39.326881+08:00,
159359,A500ETF华安,中证500,,,,,,,,9.98,2026-05-04 19:51:39.326881+08:00,
159360,A500ETF天弘,中证500,,,,,,,,16.96,2026-05-04 19:51:39.326881+08:00,
159361,A500ETF易方达,中证500,,,,,,,,249.86,2026-05-04 19:51:39.326881+08:00,
159362,A500ETF工银,中证500,,,,,,,,19.88,2026-05-04 19:51:39.326881+08:00,
159363,创业板人工智能ETF华宝,创业板指,,,,,,,,70.28,2026-05-04 19:51:39.326881+08:00,
159365,恒指港股通ETF富国,港股指数,,,,,,,,0.99,2026-05-04 19:51:39.326881+08:00,
159366,港股医疗ETF永赢,医药指数,,,,,,,,3.33,2026-05-04 19:51:39.326881+08:00,
159367,创业板50ETF华夏,上证50,,,,,,,,1.56,2026-05-04 19:51:39.326881+08:00,
159368,创业板新能源ETF华夏,创业板指,,,,,,,,10.91,2026-05-04 19:51:39.326881+08:00,
159369,创业板50ETF易方达,上证50,,,,,,,,3.94,2026-05-04 19:51:39.326881+08:00,
159370,创50ETF工银,上证50,,,,,,,,1.74,2026-05-04 19:51:39.326881+08:00,
159371,创业板50ETF富国,上证50,,,,,,,,2.25,2026-05-04 19:51:39.326881+08:00,
159372,创业板50ETF万家,上证50,,,,,,,,1.38,2026-05-04 19:51:39.326881+08:00,
159373,创业板50ETF嘉实,上证50,,,,,,,,2.77,2026-05-04 19:51:39.326881+08:00,
159375,创业板50ETF国泰,上证50,,,,,,,,1.89,2026-05-04 19:51:39.326881+08:00,
159376,A500ETF浦银,中证500,,,,,,,,0.93,2026-05-04 19:51:39.326881+08:00,
159377,创业板医药ETF国泰,创业板指,,,,,,,,0.83,2026-05-04 19:51:39.326881+08:00,
159378,通用航空ETF永赢,,,,,,,,,7.17,2026-05-04 19:51:39.326881+08:00,
159379,A500ETF融通,中证500,,,,,,,,1.63,2026-05-04 19:51:39.326881+08:00,
159380,A500ETF东财,中证500,,,,,,,,1.71,2026-05-04 19:51:39.326881+08:00,
159381,创业板人工智能ETF华夏,创业板指,,,,,,,,23.51,2026-05-04 19:51:39.326881+08:00,
159382,创业板人工智能ETF南方,创业板指,,,,,,,,23.07,2026-05-04 19:51:39.326881+08:00,
159383,创业板50ETF华泰柏瑞,上证50,,,,,,,,0.62,2026-05-04 19:51:39.326881+08:00,
159385,数字经济ETF富国,,,,,,,,,0.66,2026-05-04 19:51:39.326881+08:00,
159386,A500ETF永赢,中证500,,,,,,,,1.26,2026-05-04 19:51:39.326881+08:00,
159387,创业板新能源ETF国泰,创业板指,,,,,,,,17.89,2026-05-04 19:51:39.326881+08:00,
159388,创业板人工智能ETF国泰,创业板指,,,,,,,,8.99,2026-05-04 19:51:39.326881+08:00,
159389,数字经济ETF嘉实,,,,,,,,,1.46,2026-05-04 19:51:39.326881+08:00,
159390,中证A50ETF国联,上证50,,,,,,,,1.84,2026-05-04 19:51:39.326881+08:00,
159391,大盘价值ETF博时,,,,,,,,,1.27,2026-05-04 19:51:39.326881+08:00,
159392,航空ETF富国,,,,,,,,,2.30,2026-05-04 19:51:39.326881+08:00,
159393,沪深300ETF万家,沪深300,,,,,,,,2.57,2026-05-04 19:51:39.326881+08:00,
159399,现金流ETF国泰,黄金,,,,,,,,55.27,2026-05-04 19:51:39.326881+08:00,
159500,中证500ETF富国,中证500,,,,,,,,1.79,2026-05-04 19:51:39.326881+08:00,
159501,纳指ETF嘉实,纳斯达克100,,,,,,,,113.18,2026-05-04 19:51:39.326881+08:00,
159502,标普生物科技ETF嘉实,标普500,,,,,,,,17.38,2026-05-04 19:51:39.326881+08:00,
159505,国证2000ETF博时,,,,,,,,,0.27,2026-05-04 19:51:39.326881+08:00,
159506,港股通医疗ETF富国,医药指数,,,,,,,,29.04,2026-05-04 19:51:39.326881+08:00,
159507,通信ETF广发,通信指数,,,,,,,,3.15,2026-05-04 19:51:39.326881+08:00,
159508,生物医药ETF华安,医药指数,,,,,,,,0.54,2026-05-04 19:51:39.326881+08:00,
159509,纳指科技ETF景顺,科技指数,,,,,,,,158.65,2026-05-04 19:51:39.326881+08:00,
159510,沪深300价值ETF华夏,沪深300,,,,,,,,0.79,2026-05-04 19:51:39.326881+08:00,
159511,通信ETF南方,通信指数,,,,,,,,2.59,2026-05-04 19:51:39.326881+08:00,
159512,汽车ETF广发,汽车指数,,,,,,,,0.70,2026-05-04 19:51:39.326881+08:00,
159513,纳斯达克100ETF大成,纳斯达克100,,,,,,,,65.38,2026-05-04 19:51:39.326881+08:00,
159515,国企红利ETF鹏扬,红利指数,,,,,,,,0.46,2026-05-04 19:51:39.326881+08:00,
159516,半导体设备ETF国泰,半导体指数,,,,,,,,224.11,2026-05-04 19:51:39.326881+08:00,
159517,中证800增强ETF银华,中证800,,,,,,,,0.08,2026-05-04 19:51:39.326881+08:00,
159518,标普油气ETF嘉实,标普500,,,,,,,,24.83,2026-05-04 19:51:39.326881+08:00,
159519,港股国企ETF国泰,国企指数,,,,,,,,1.31,2026-05-04 19:51:39.326881+08:00,
159520,消费龙头ETF工银,消费指数,,,,,,,,1.62,2026-05-04 19:51:39.326881+08:00,
159521,国证2000ETF平安,,,,,,,,,0.21,2026-05-04 19:51:39.326881+08:00,
159523,沪深300成长ETF华夏,沪深300,,,,,,,,0.98,2026-05-04 19:51:39.326881+08:00,
159525,红利低波ETF富国,红利指数,,,,,,,,4.40,2026-05-04 19:51:39.326881+08:00,
159526,机器人ETF嘉实,机器人指数,,,,,,,,10.50,2026-05-04 19:51:39.326881+08:00,
159527,云计算ETF广发,云计算指数,,,,,,,,3.05,2026-05-04 19:51:39.326881+08:00,
159528,国企改革ETF富国,国企指数,,,,,,,,0.14,2026-05-04 19:51:39.326881+08:00,
159529,标普消费ETF景顺,标普500,,,,,,,,10.60,2026-05-04 19:51:39.326881+08:00,
159530,机器人ETF易方达,机器人指数,,,,,,,,146.20,2026-05-04 19:51:39.326881+08:00,
159531,中证2000ETF南方,中证2000,,,,,,,,8.03,2026-05-04 19:51:39.326881+08:00,
159532,中证2000ETF易方达,中证2000,,,,,,,,1.96,2026-05-04 19:51:39.326881+08:00,
159533,中证2000ETF博时,中证2000,,,,,,,,0.20,2026-05-04 19:51:39.326881+08:00,
159535,中证2000ETF嘉实,中证2000,,,,,,,,0.26,2026-05-04 19:51:39.326881+08:00,
159536,中证2000ETF汇添富,中证2000,,,,,,,,0.76,2026-05-04 19:51:39.326881+08:00,
159537,信创ETF国泰,,,,,,,,,0.99,2026-05-04 19:51:39.326881+08:00,
159538,信创ETF富国,,,,,,,,,0.73,2026-05-04 19:51:39.326881+08:00,
159539,信创ETF广发,,,,,,,,,0.86,2026-05-04 19:51:39.326881+08:00,
159540,信创ETF易方达,,,,,,,,,1.82,2026-05-04 19:51:39.326881+08:00,
159541,创业板综ETF万家,创业板指,,,,,,,,1.23,2026-05-04 19:51:39.326881+08:00,
159542,工程机械ETF大成,,,,,,,,,0.31,2026-05-04 19:51:39.326881+08:00,
159543,国证2000ETF工银,,,,,,,,,0.72,2026-05-04 19:51:39.326881+08:00,
159545,恒生红利低波ETF易方达,红利指数,,,,,,,,74.96,2026-05-04 19:51:39.326881+08:00,
159546,集成电路ETF国泰,,,,,,,,,2.77,2026-05-04 19:51:39.326881+08:00,
159547,红利低波ETF华夏,红利指数,,,,,,,,11.82,2026-05-04 19:51:39.326881+08:00,
159549,红利低波ETF天弘,红利指数,,,,,,,,55.94,2026-05-04 19:51:39.326881+08:00,
159550,互联网ETF东财,,,,,,,,,1.57,2026-05-04 19:51:39.326881+08:00,
159551,机器人ETF国泰,机器人指数,,,,,,,,4.31,2026-05-04 19:51:39.326881+08:00,
159552,中证2000增强ETF招商,中证2000,,,,,,,,7.80,2026-05-04 19:51:39.326881+08:00,
159553,中证2000增强ETF海富通,中证2000,,,,,,,,0.46,2026-05-04 19:51:39.326881+08:00,
159555,中证2000增强ETF银华,中证2000,,,,,,,,0.68,2026-05-04 19:51:39.326881+08:00,
159556,中证2000增强ETF平安,中证2000,,,,,,,,0.21,2026-05-04 19:51:39.326881+08:00,
159557,恒生医疗ETF嘉实,医药指数,,,,,,,,2.43,2026-05-04 19:51:39.326881+08:00,
159558,半导体设备ETF易方达,半导体指数,,,,,,,,60.43,2026-05-04 19:51:39.326881+08:00,
159559,机器人ETF景顺,机器人指数,,,,,,,,26.96,2026-05-04 19:51:39.326881+08:00,
159560,芯片ETF景顺,芯片指数,,,,,,,,3.62,2026-05-04 19:51:39.326881+08:00,
159561,德国ETF嘉实,德国指数,,,,,,,,20.24,2026-05-04 19:51:39.326881+08:00,
159562,黄金股ETF华夏,黄金,,,,,,,,60.61,2026-05-04 19:51:39.326881+08:00,
159563,创业板综ETF华夏,创业板指,,,,,,,,0.42,2026-05-04 19:51:39.326881+08:00,
159565,汽车零部件ETF易方达,汽车指数,,,,,,,,2.08,2026-05-04 19:51:39.326881+08:00,
159566,储能电池ETF易方达,,,,,,,,,74.05,2026-05-04 19:51:39.326881+08:00,
159567,港股创新药ETF银华,港股指数,,,,,,,,75.65,2026-05-04 19:51:39.326881+08:00,
159568,港股互联网ETF博时,港股指数,,,,,,,,4.90,2026-05-04 19:51:39.326881+08:00,
159569,港股红利低波ETF景顺,红利指数,,,,,,,,4.84,2026-05-04 19:51:39.326881+08:00,
159570,港股通创新药ETF汇添富,港股指数,,,,,,,,304.25,2026-05-04 19:51:39.326881+08:00,
159571,创业板200ETF富国,创业板指,,,,,,,,0.32,2026-05-04 19:51:39.326881+08:00,
159572,创业板200ETF易方达,创业板指,,,,,,,,3.77,2026-05-04 19:51:39.326881+08:00,
159573,创业板200ETF华夏,创业板指,,,,,,,,1.39,2026-05-04 19:51:39.326881+08:00,
159575,创业板200ETF银华,创业板指,,,,,,,,0.24,2026-05-04 19:51:39.326881+08:00,
159576,深证100ETF广发,深证100,,,,,,,,0.69,2026-05-04 19:51:39.326881+08:00,
159577,美国50ETF汇添富,上证50,,,,,,,,9.62,2026-05-04 19:51:39.326881+08:00,
159578,深证主板50ETF南方,上证50,,,,,,,,0.25,2026-05-04 19:51:39.326881+08:00,
159581,红利ETF万家,红利指数,,,,,,,,14.61,2026-05-04 19:51:39.326881+08:00,
159582,半导体ETF博时,半导体指数,,,,,,,,3.83,2026-05-04 19:51:39.326881+08:00,
159583,通信ETF富国,通信指数,,,,,,,,19.00,2026-05-04 19:51:39.326881+08:00,
159586,计算机ETF南方,,,,,,,,,3.14,2026-05-04 19:51:39.326881+08:00,
159587,粮食ETF广发,,,,,,,,,2.36,2026-05-04 19:51:39.326881+08:00,
159588,石油ETF景顺,能源指数,,,,,,,,10.58,2026-05-04 19:51:39.326881+08:00,
159589,红利ETF广发,红利指数,,,,,,,,1.38,2026-05-04 19:51:39.326881+08:00,
159590,软件ETF汇添富,,,,,,,,,5.28,2026-05-04 19:51:39.326881+08:00,
159591,A50ETF富国,上证50,,,,,,,,5.48,2026-05-04 19:51:39.326881+08:00,
159592,A50ETF银华,上证50,,,,,,,,10.48,2026-05-04 19:51:39.326881+08:00,
159593,中证A50ETF平安,上证50,,,,,,,,45.05,2026-05-04 19:51:39.326881+08:00,
159595,中证A50ETF大成,上证50,,,,,,,,16.39,2026-05-04 19:51:39.326881+08:00,
159596,A50ETF华宝,上证50,,,,,,,,4.21,2026-05-04 19:51:39.326881+08:00,
159597,创业板成长ETF易方达,创业板指,,,,,,,,4.53,2026-05-04 19:51:39.326881+08:00,
159599,芯片ETF东财,芯片指数,,,,,,,,11.62,2026-05-04 19:51:39.326881+08:00,
159601,A50ETF华夏,上证50,,,,,,,,16.98,2026-05-04 19:51:39.326881+08:00,
159602,中国A50ETF南方,上证50,,,,,,,,4.81,2026-05-04 19:51:39.326881+08:00,
159603,科创创业ETF天弘,创业板指,,,,,,,,34.34,2026-05-04 19:51:39.326881+08:00,
159605,中概互联ETF广发,,,,,,,,,39.28,2026-05-04 19:51:39.326881+08:00,
159606,中证500成长ETF易方达,中证500,,,,,,,,3.75,2026-05-04 19:51:39.326881+08:00,
159607,中概互联网ETF嘉实,,,,,,,,,11.06,2026-05-04 19:51:39.326881+08:00,
159608,稀有金属ETF广发,黄金,,,,,,,,56.29,2026-05-04 19:51:39.326881+08:00,
159609,光伏ETF浦银,光伏指数,,,,,,,,2.04,2026-05-04 19:51:39.326881+08:00,
159610,中证500增强ETF景顺,中证500,,,,,,,,1.94,2026-05-04 19:51:39.326881+08:00,
159611,电力ETF广发,电力指数,,,,,,,,68.52,2026-05-04 19:51:39.326881+08:00,
159612,标普500ETF国泰,标普500,,,,,,,,8.21,2026-05-04 19:51:39.326881+08:00,
159613,信息安全ETF嘉实,,,,,,,,,0.68,2026-05-04 19:51:39.326881+08:00,
159615,恒生生物科技ETF南方,科技指数,,,,,,,,5.61,2026-05-04 19:51:39.326881+08:00,
159616,农牧ETF建信,,,,,,,,,0.59,2026-05-04 19:51:39.326881+08:00,
159617,中证500价值ETF华夏,中证500,,,,,,,,0.42,2026-05-04 19:51:39.326881+08:00,
159618,光伏ETF华安,光伏指数,,,,,,,,0.66,2026-05-04 19:51:39.326881+08:00,
159619,基建ETF国泰,基建指数,,,,,,,,0.99,2026-05-04 19:51:39.326881+08:00,
159620,中证500成长ETF华夏,中证500,,,,,,,,0.39,2026-05-04 19:51:39.326881+08:00,
159621,ESGETF国泰,ESG指数,,,,,,,,0.14,2026-05-04 19:51:39.326881+08:00,
159622,创新药ETF东财,,,,,,,,,8.71,2026-05-04 19:51:39.326881+08:00,
159623,成渝经济圈ETF博时,,,,,,,,,31.72,2026-05-04 19:51:39.326881+08:00,
159625,绿色电力ETF嘉实,电力指数,,,,,,,,30.07,2026-05-04 19:51:39.326881+08:00,
159627,A100ETF华夏,,,,,,,,,0.23,2026-05-04 19:51:39.326881+08:00,
159628,国证2000ETF万家,,,,,,,,,4.27,2026-05-04 19:51:39.326881+08:00,
159629,中证1000ETF富国,中证1000,,,,,,,,17.40,2026-05-04 19:51:39.326881+08:00,
159630,A100ETF汇添富,,,,,,,,,0.13,2026-05-04 19:51:39.326881+08:00,
159631,A100ETF招商,,,,,,,,,0.52,2026-05-04 19:51:39.326881+08:00,
159632,纳斯达克ETF华安,纳斯达克100,,,,,,,,104.03,2026-05-04 19:51:39.326881+08:00,
159633,中证1000ETF易方达,中证1000,,,,,,,,24.51,2026-05-04 19:51:39.326881+08:00,
159635,基建ETF华夏,基建指数,,,,,,,,1.35,2026-05-04 19:51:39.326881+08:00,
159636,港股通科技30ETF工银,科技指数,,,,,,,,293.19,2026-05-04 19:51:39.326881+08:00,
159637,新能源车ETF东财,新能源指数,,,,,,,,7.18,2026-05-04 19:51:39.326881+08:00,
159638,高端装备ETF嘉实,,,,,,,,,16.12,2026-05-04 19:51:39.326881+08:00,
159639,碳中和ETF南方,碳中和指数,,,,,,,,2.62,2026-05-04 19:51:39.326881+08:00,
159640,碳中和龙头ETF工银,碳中和指数,,,,,,,,0.74,2026-05-04 19:51:39.326881+08:00,
159641,碳中和ETF招商,碳中和指数,,,,,,,,1.17,2026-05-04 19:51:39.326881+08:00,
159642,碳中和ETF大成,碳中和指数,,,,,,,,0.28,2026-05-04 19:51:39.326881+08:00,
159643,疫苗ETF国泰,医药指数,,,,,,,,1.48,2026-05-04 19:51:39.326881+08:00,
159645,疫苗ETF富国,医药指数,,,,,,,,0.34,2026-05-04 19:51:39.326881+08:00,
159647,中药ETF鹏华,医药指数,,,,,,,,14.77,2026-05-04 19:51:39.326881+08:00,
159652,有色ETF汇添富,有色指数,,,,,,,,41.44,2026-05-04 19:51:39.326881+08:00,
159653,ESG300ETF国联安,沪深300,,,,,,,,0.70,2026-05-04 19:51:39.326881+08:00,
159655,标普500ETF华夏,标普500,,,,,,,,37.53,2026-05-04 19:51:39.326881+08:00,
159656,沪深300成长ETF万家,沪深300,,,,,,,,2.96,2026-05-04 19:51:39.326881+08:00,
159657,疫苗ETF鹏华,医药指数,,,,,,,,1.02,2026-05-04 19:51:39.326881+08:00,
159658,数字经济ETF华安,,,,,,,,,0.93,2026-05-04 19:51:39.326881+08:00,
159659,纳斯达克100ETF招商,纳斯达克100,,,,,,,,88.51,2026-05-04 19:51:39.326881+08:00,
159660,纳指ETF汇添富,纳斯达克100,,,,,,,,44.38,2026-05-04 19:51:39.326881+08:00,
159661,A100ETF嘉实,,,,,,,,,0.40,2026-05-04 19:51:39.326881+08:00,
159662,交运ETF南方,,,,,,,,,0.72,2026-05-04 19:51:39.326881+08:00,
159663,机床ETF华夏,,,,,,,,,2.93,2026-05-04 19:51:39.326881+08:00,
159665,半导体龙头ETF工银,半导体指数,,,,,,,,4.17,2026-05-04 19:51:39.326881+08:00,
159666,交通运输ETF华夏,,,,,,,,,1.13,2026-05-04 19:51:39.326881+08:00,
159667,工业母机ETF国泰,,,,,,,,,18.28,2026-05-04 19:51:39.326881+08:00,
159669,绿色电力ETF国泰,电力指数,,,,,,,,2.26,2026-05-04 19:51:39.326881+08:00,
159670,消费50ETF国联安,上证50,,,,,,,,0.47,2026-05-04 19:51:39.326881+08:00,
159671,稀有金属ETF工银,黄金,,,,,,,,18.56,2026-05-04 19:51:39.326881+08:00,
159672,消费ETF博时,消费指数,,,,,,,,0.78,2026-05-04 19:51:39.326881+08:00,
159673,沪深300ETF鹏华,沪深300,,,,,,,,18.83,2026-05-04 19:51:39.326881+08:00,
159675,创业板增强ETF嘉实,创业板指,,,,,,,,0.83,2026-05-04 19:51:39.326881+08:00,
159676,创业板增强ETF富国,创业板指,,,,,,,,1.73,2026-05-04 19:51:39.326881+08:00,
159677,中证1000增强ETF银华,中证1000,,,,,,,,0.46,2026-05-04 19:51:39.326881+08:00,
159678,500增强ETF博时,,,,,,,,,1.18,2026-05-04 19:51:39.326881+08:00,
159679,中证1000增强ETF国泰,中证1000,,,,,,,,0.75,2026-05-04 19:51:39.326881+08:00,
159680,中证1000增强ETF招商,中证1000,,,,,,,,11.95,2026-05-04 19:51:39.326881+08:00,
159681,创业板50ETF鹏华,上证50,,,,,,,,14.70,2026-05-04 19:51:39.326881+08:00,
159682,创业板50ETF景顺,上证50,,,,,,,,41.03,2026-05-04 19:51:39.326881+08:00,
159685,1000增强ETF天弘,,,,,,,,,0.24,2026-05-04 19:51:39.326881+08:00,
159686,A100ETF易方达,,,,,,,,,0.90,2026-05-04 19:51:39.326881+08:00,
159687,亚太精选ETF南方,,,,,,,,,19.60,2026-05-04 19:51:39.326881+08:00,
159688,恒生互联网ETF华安,恒生指数,,,,,,,,14.25,2026-05-04 19:51:39.326881+08:00,
159689,消费ETF南方,消费指数,,,,,,,,0.55,2026-05-04 19:51:39.326881+08:00,
159690,有色矿业ETF招商,有色指数,,,,,,,,9.09,2026-05-04 19:51:39.326881+08:00,
159691,港股红利ETF工银,红利指数,,,,,,,,65.56,2026-05-04 19:51:39.326881+08:00,
159692,证券ETF东财,证券指数,,,,,,,,11.79,2026-05-04 19:51:39.326881+08:00,
159695,通信ETF嘉实,通信指数,,,,,,,,5.19,2026-05-04 19:51:39.326881+08:00,
159696,纳指ETF易方达,纳斯达克100,,,,,,,,44.47,2026-05-04 19:51:39.326881+08:00,
159697,石油ETF鹏华,能源指数,,,,,,,,23.05,2026-05-04 19:51:39.326881+08:00,
159698,粮食ETF鹏华,,,,,,,,,12.33,2026-05-04 19:51:39.326881+08:00,
159699,恒生消费ETF广发,消费指数,,,,,,,,8.68,2026-05-04 19:51:39.326881+08:00,
159701,物联网ETF招商,物联网指数,,,,,,,,0.11,2026-05-04 19:51:39.326881+08:00,
159703,新材料ETF天弘,,,,,,,,,0.62,2026-05-04 19:51:39.326881+08:00,
159706,深证100ETF华安,深证100,,,,,,,,0.55,2026-05-04 19:51:39.326881+08:00,
159707,地产ETF华宝,地产指数,,,,,,,,6.13,2026-05-04 19:51:39.326881+08:00,
159708,红利ETF西部利得,红利指数,,,,,,,,1.57,2026-05-04 19:51:39.326881+08:00,
159709,物联网ETF工银,物联网指数,,,,,,,,0.41,2026-05-04 19:51:39.326881+08:00,
159711,港股通50ETF华夏,上证50,,,,,,,,0.74,2026-05-04 19:51:39.326881+08:00,
159712,港股通50ETF国泰,上证50,,,,,,,,1.85,2026-05-04 19:51:39.326881+08:00,
159713,稀土ETF富国,,,,,,,,,11.35,2026-05-04 19:51:39.326881+08:00,
159715,稀土ETF易方达,,,,,,,,,9.24,2026-05-04 19:51:39.326881+08:00,
159716,深证100ETF华宝,深证100,,,,,,,,0.73,2026-05-04 19:51:39.326881+08:00,
159717,ESGETF鹏华,ESG指数,,,,,,,,0.25,2026-05-04 19:51:39.326881+08:00,
159718,港股医药ETF平安,医药指数,,,,,,,,1.72,2026-05-04 19:51:39.326881+08:00,
159719,国企ETF平安,国企指数,,,,,,,,0.45,2026-05-04 19:51:39.326881+08:00,
159720,智能车ETF泰康,,,,,,,,,0.46,2026-05-04 19:51:39.326881+08:00,
159721,深证100ETF永赢,深证100,,,,,,,,0.73,2026-05-04 19:51:39.326881+08:00,
159723,科技龙头ETF汇添富,科技指数,,,,,,,,0.52,2026-05-04 19:51:39.326881+08:00,
159725,线上消费ETF工银,消费指数,,,,,,,,0.85,2026-05-04 19:51:39.326881+08:00,
159726,港股通高股息ETF华夏,港股指数,,,,,,,,4.62,2026-05-04 19:51:39.326881+08:00,
159728,在线消费ETF南方,消费指数,,,,,,,,0.38,2026-05-04 19:51:39.326881+08:00,
159729,互联网ETF汇添富,,,,,,,,,0.53,2026-05-04 19:51:39.326881+08:00,
159730,家电ETF博时,消费指数,,,,,,,,0.49,2026-05-04 19:51:39.326881+08:00,
159731,石化ETF华夏,,,,,,,,,11.66,2026-05-04 19:51:39.326881+08:00,
159732,消费电子ETF华夏,消费指数,,,,,,,,21.16,2026-05-04 19:51:39.326881+08:00,
159735,港股消费ETF银华,消费指数,,,,,,,,8.05,2026-05-04 19:51:39.326881+08:00,
159736,食品饮料ETF天弘,,,,,,,,,51.45,2026-05-04 19:51:39.326881+08:00,
159738,云计算ETF华泰柏瑞,云计算指数,,,,,,,,3.27,2026-05-04 19:51:39.326881+08:00,
159739,云计算ETF鹏华,云计算指数,,,,,,,,4.23,2026-05-04 19:51:39.326881+08:00,
159740,恒生科技ETF大成,科技指数,,,,,,,,193.93,2026-05-04 19:51:39.326881+08:00,
159741,恒生科技ETF嘉实,科技指数,,,,,,,,11.70,2026-05-04 19:51:39.326881+08:00,
159742,恒生科技ETF博时,科技指数,,,,,,,,49.59,2026-05-04 19:51:39.326881+08:00,
159743,湖北ETF博时,,,,,,,,,1.53,2026-05-04 19:51:39.326881+08:00,
159745,建材ETF国泰,建材指数,,,,,,,,13.17,2026-05-04 19:51:39.326881+08:00,
159747,香港科技ETF南方,科技指数,,,,,,,,5.08,2026-05-04 19:51:39.326881+08:00,
159748,创新药ETF富国,,,,,,,,,6.41,2026-05-04 19:51:39.326881+08:00,
159750,港股科技50ETF招商,上证50,,,,,,,,16.96,2026-05-04 19:51:39.326881+08:00,
159751,港股通科技ETF鹏华,科技指数,,,,,,,,11.47,2026-05-04 19:51:39.326881+08:00,
159752,新能源ETF申万菱信,新能源指数,,,,,,,,4.29,2026-05-04 19:51:39.326881+08:00,
159755,电池ETF广发,,,,,,,,,156.39,2026-05-04 19:51:39.326881+08:00,
159757,电池ETF景顺,,,,,,,,,2.35,2026-05-04 19:51:39.326881+08:00,
159758,红利质量ETF华夏,红利指数,,,,,,,,13.44,2026-05-04 19:51:39.326881+08:00,
159760,医疗健康ETF泰康,医药指数,,,,,,,,0.81,2026-05-04 19:51:39.326881+08:00,
159761,新材料ETF国泰,,,,,,,,,1.79,2026-05-04 19:51:39.326881+08:00,
159763,新材料ETF建信,,,,,,,,,0.79,2026-05-04 19:51:39.326881+08:00,
159766,旅游ETF富国,,,,,,,,,45.29,2026-05-04 19:51:39.326881+08:00,
159767,电池龙头ETF兴银,,,,,,,,,2.29,2026-05-04 19:51:39.326881+08:00,
159768,房地产ETF银华,地产指数,,,,,,,,3.59,2026-05-04 19:51:39.326881+08:00,
159770,机器人ETF天弘,机器人指数,,,,,,,,84.20,2026-05-04 19:51:39.326881+08:00,
159773,创业板科技ETF华泰柏瑞,创业板指,,,,,,,,1.73,2026-05-04 19:51:39.326881+08:00,
159775,电池ETF建信,,,,,,,,,1.44,2026-05-04 19:51:39.326881+08:00,
159776,港股医药ETF银华,医药指数,,,,,,,,1.08,2026-05-04 19:51:39.326881+08:00,
159777,创科技ETF国联安,科技指数,,,,,,,,0.39,2026-05-04 19:51:39.326881+08:00,
159778,工业互联网ETF鹏华,,,,,,,,,0.54,2026-05-04 19:51:39.326881+08:00,
159779,消费电子ETF招商,消费指数,,,,,,,,1.58,2026-05-04 19:51:39.326881+08:00,
159780,科创创业50ETF南方,上证50,,,,,,,,29.53,2026-05-04 19:51:39.326881+08:00,
159781,科创创业ETF易方达,创业板指,,,,,,,,121.24,2026-05-04 19:51:39.326881+08:00,
159782,双创50ETF银华,上证50,,,,,,,,5.97,2026-05-04 19:51:39.326881+08:00,
159783,科创创业50ETF华夏,上证50,,,,,,,,48.46,2026-05-04 19:51:39.326881+08:00,
159786,VRETF银华,,,,,,,,,1.37,2026-05-04 19:51:39.326881+08:00,
159787,建材ETF易方达,建材指数,,,,,,,,0.84,2026-05-04 19:51:39.326881+08:00,
159788,港股通100ETF易方达,港股指数,,,,,,,,1.55,2026-05-04 19:51:39.326881+08:00,
159790,碳中和ETF华夏,碳中和指数,,,,,,,,15.50,2026-05-04 19:51:39.326881+08:00,
159791,300ESGETF华夏,ESG指数,,,,,,,,0.31,2026-05-04 19:51:39.326881+08:00,
159792,港股通互联网ETF富国,港股指数,,,,,,,,592.55,2026-05-04 19:51:39.326881+08:00,
159793,线上消费ETF平安,消费指数,,,,,,,,0.29,2026-05-04 19:51:39.326881+08:00,
159795,智能汽车ETF汇添富,汽车指数,,,,,,,,0.30,2026-05-04 19:51:39.326881+08:00,
159796,电池ETF汇添富,,,,,,,,,77.27,2026-05-04 19:51:39.326881+08:00,
159797,医疗器械ETF汇添富,医药指数,,,,,,,,2.91,2026-05-04 19:51:39.326881+08:00,
159798,消费ETF易方达,消费指数,,,,,,,,1.12,2026-05-04 19:51:39.326881+08:00,
159800,中证800ETF鹏华,中证800,,,,,,,,0.39,2026-05-04 19:51:39.326881+08:00,
159801,芯片ETF广发,芯片指数,,,,,,,,44.02,2026-05-04 19:51:39.326881+08:00,
159804,创中盘88ETF国寿,,,,,,,,,0.76,2026-05-04 19:51:39.326881+08:00,
159805,传媒ETF鹏华,传媒指数,,,,,,,,3.88,2026-05-04 19:51:39.326881+08:00,
159806,新能源车ETF国泰,新能源指数,,,,,,,,9.03,2026-05-04 19:51:39.326881+08:00,
159807,科技ETF易方达,科技指数,,,,,,,,8.66,2026-05-04 19:51:39.326881+08:00,
159808,创100ETF融通,,,,,,,,,0.79,2026-05-04 19:51:39.326881+08:00,
159810,创业板ETF浦银,创业板指,,,,,,,,0.85,2026-05-04 19:51:39.326881+08:00,
159811,5GETF博时,通信指数,,,,,,,,1.53,2026-05-04 19:51:39.326881+08:00,
159812,黄金ETF前海开源,黄金,,,,,,,,18.42,2026-05-04 19:51:39.326881+08:00,
159813,半导体ETF鹏华,半导体指数,,,,,,,,57.93,2026-05-04 19:51:39.326881+08:00,
159814,创业大盘ETF西部利得,,,,,,,,,3.95,2026-05-04 19:51:39.326881+08:00,
159819,人工智能ETF易方达,人工智能指数,,,,,,,,237.30,2026-05-04 19:51:39.326881+08:00,
159820,中证500ETF天弘,中证500,,,,,,,,19.84,2026-05-04 19:51:39.326881+08:00,
159821,创业板ETF中银证券,创业板指,,,,,,,,0.87,2026-05-04 19:51:39.326881+08:00,
159822,新经济ETF银华,,,,,,,,,2.19,2026-05-04 19:51:39.326881+08:00,
159824,新能源车ETF博时,新能源指数,,,,,,,,2.55,2026-05-04 19:51:39.326881+08:00,
159825,农业ETF富国,,,,,,,,,29.68,2026-05-04 19:51:39.326881+08:00,
159827,农业ETF银华,,,,,,,,,0.79,2026-05-04 19:51:39.326881+08:00,
159828,医疗ETF国泰,医药指数,,,,,,,,22.50,2026-05-04 19:51:39.326881+08:00,
159830,金ETF天弘,黄金,,,,,,,,38.87,2026-05-04 19:51:39.326881+08:00,
159831,金ETF嘉实,黄金,,,,,,,,20.83,2026-05-04 19:51:39.326881+08:00,
159834,金ETF南方,黄金,,,,,,,,18.29,2026-05-04 19:51:39.326881+08:00,
159835,创新药ETF建信,,,,,,,,,2.99,2026-05-04 19:51:39.326881+08:00,
159836,创业板300ETF天弘,沪深300,,,,,,,,1.41,2026-05-04 19:51:39.326881+08:00,
159837,生物科技ETF易方达,科技指数,,,,,,,,14.05,2026-05-04 19:51:39.326881+08:00,
159838,医药50ETF博时,上证50,,,,,,,,1.62,2026-05-04 19:51:39.326881+08:00,
159839,生物医药ETF汇添富,医药指数,,,,,,,,8.43,2026-05-04 19:51:39.326881+08:00,
159840,锂电池ETF工银,,,,,,,,,18.39,2026-05-04 19:51:39.326881+08:00,
159841,证券ETF天弘,证券指数,,,,,,,,106.44,2026-05-04 19:51:39.326881+08:00,
159842,券商ETF银华,,,,,,,,,102.10,2026-05-04 19:51:39.326881+08:00,
159843,食品饮料ETF招商,,,,,,,,,3.95,2026-05-04 19:51:39.326881+08:00,
159845,中证1000ETF华夏,中证1000,,,,,,,,78.16,2026-05-04 19:51:39.326881+08:00,
159847,医疗ETF易方达,医药指数,,,,,,,,14.86,2026-05-04 19:51:39.326881+08:00,
159848,证券ETF国联安,证券指数,,,,,,,,1.31,2026-05-04 19:51:39.326881+08:00,
159849,生物科技ETF招商,科技指数,,,,,,,,0.80,2026-05-04 19:51:39.326881+08:00,
159850,恒生国企ETF华夏,国企指数,,,,,,,,5.76,2026-05-04 19:51:39.326881+08:00,
159851,金融科技ETF华宝,科技指数,,,,,,,,74.05,2026-05-04 19:51:39.326881+08:00,
159852,软件ETF嘉实,,,,,,,,,91.73,2026-05-04 19:51:39.326881+08:00,
159855,影视ETF银华,传媒指数,,,,,,,,1.62,2026-05-04 19:51:39.326881+08:00,
159856,互联网龙头ETF工银,,,,,,,,,2.32,2026-05-04 19:51:39.326881+08:00,
159857,光伏ETF天弘,光伏指数,,,,,,,,23.71,2026-05-04 19:51:39.326881+08:00,
159858,创新药ETF南方,,,,,,,,,4.63,2026-05-04 19:51:39.326881+08:00,
159859,生物医药ETF天弘,医药指数,,,,,,,,38.40,2026-05-04 19:51:39.326881+08:00,
159861,碳中和50ETF国泰,上证50,,,,,,,,1.41,2026-05-04 19:51:39.326881+08:00,
159862,食品饮料ETF银华,,,,,,,,,2.01,2026-05-04 19:51:39.326881+08:00,
159863,光伏ETF鹏华,光伏指数,,,,,,,,2.37,2026-05-04 19:51:39.326881+08:00,
159864,光伏ETF国泰,光伏指数,,,,,,,,5.55,2026-05-04 19:51:39.326881+08:00,
159865,养殖ETF国泰,,,,,,,,,66.79,2026-05-04 19:51:39.326881+08:00,
159866,日经ETF工银,日本指数,,,,,,,,10.73,2026-05-04 19:51:39.326881+08:00,
159867,养殖ETF鹏华,,,,,,,,,10.18,2026-05-04 19:51:39.326881+08:00,
159869,游戏ETF华夏,,,,,,,,,95.87,2026-05-04 19:51:39.326881+08:00,
159870,化工ETF鹏华,化工指数,,,,,,,,285.79,2026-05-04 19:51:39.326881+08:00,
159871,有色ETF银华,有色指数,,,,,,,,14.58,2026-05-04 19:51:39.326881+08:00,
159872,智能网联汽车ETF鹏华,汽车指数,,,,,,,,0.57,2026-05-04 19:51:39.326881+08:00,
159873,医疗设备ETF天弘,医药指数,,,,,,,,2.65,2026-05-04 19:51:39.326881+08:00,
159875,新能源ETF嘉实,新能源指数,,,,,,,,17.47,2026-05-04 19:51:39.326881+08:00,
159876,有色ETF华宝,有色指数,,,,,,,,18.79,2026-05-04 19:51:39.326881+08:00,
159877,医疗ETF南方,医药指数,,,,,,,,1.14,2026-05-04 19:51:39.326881+08:00,
159880,有色ETF鹏华,有色指数,,,,,,,,17.01,2026-05-04 19:51:39.326881+08:00,
159881,有色金属ETF国泰,有色指数,,,,,,,,1.92,2026-05-04 19:51:39.326881+08:00,
159883,医疗器械ETF永赢,医药指数,,,,,,,,53.14,2026-05-04 19:51:39.326881+08:00,
159885,碳中和ETF鹏华,碳中和指数,,,,,,,,2.25,2026-05-04 19:51:39.326881+08:00,
159886,机械ETF富国,,,,,,,,,0.73,2026-05-04 19:51:39.326881+08:00,
159887,银行ETF富国,银行指数,,,,,,,,9.88,2026-05-04 19:51:39.326881+08:00,
159888,智能汽车ETF华夏,汽车指数,,,,,,,,0.82,2026-05-04 19:51:39.326881+08:00,
159889,智能汽车ETF国泰,汽车指数,,,,,,,,0.40,2026-05-04 19:51:39.326881+08:00,
159890,云计算ETF招商,云计算指数,,,,,,,,5.54,2026-05-04 19:51:39.326881+08:00,
159891,医疗ETF建信,医药指数,,,,,,,,1.29,2026-05-04 19:51:39.326881+08:00,
159892,恒生医药ETF华夏,医药指数,,,,,,,,58.00,2026-05-04 19:51:39.326881+08:00,
159895,物联网ETF易方达,物联网指数,,,,,,,,1.01,2026-05-04 19:51:39.326881+08:00,
159896,物联网ETF南方,物联网指数,,,,,,,,0.58,2026-05-04 19:51:39.326881+08:00,
159898,医疗器械ETF招商,医药指数,,,,,,,,5.31,2026-05-04 19:51:39.326881+08:00,
159899,软件ETF招商,,,,,,,,,5.70,2026-05-04 19:51:39.326881+08:00,
159901,深证100ETF易方达,深证100,,,,,,,,69.23,2026-05-04 19:51:39.326881+08:00,
159902,中小100ETF华夏,,,,,,,,,3.75,2026-05-04 19:51:39.326881+08:00,
159903,深成ETF南方,,,,,,,,,4.86,2026-05-04 19:51:39.326881+08:00,
159905,红利ETF工银,红利指数,,,,,,,,19.94,2026-05-04 19:51:39.326881+08:00,
159906,深成长ETF大成,,,,,,,,,2.29,2026-05-04 19:51:39.326881+08:00,
159907,国证2000ETF广发,,,,,,,,,2.12,2026-05-04 19:51:39.326881+08:00,
159908,创业板ETF博时,创业板指,,,,,,,,10.77,2026-05-04 19:51:39.326881+08:00,
159909,TMT50ETF招商,上证50,,,,,,,,5.98,2026-05-04 19:51:39.326881+08:00,
159910,基本面120ETF嘉实,,,,,,,,,2.46,2026-05-04 19:51:39.326881+08:00,
159912,深300ETF汇添富,沪深300,,,,,,,,1.31,2026-05-04 19:51:39.326881+08:00,
159913,深价值ETF交银,,,,,,,,,0.60,2026-05-04 19:51:39.326881+08:00,
159915,创业板ETF易方达,创业板指,,,,,,,,456.42,2026-05-04 19:51:39.326881+08:00,
159916,基本面ETF建信,,,,,,,,,2.63,2026-05-04 19:51:39.326881+08:00,
159918,中创400ETF嘉实,,,,,,,,,0.81,2026-05-04 19:51:39.326881+08:00,
159919,沪深300ETF嘉实,沪深300,,,,,,,,926.59,2026-05-04 19:51:39.326881+08:00,
159920,恒生ETF华夏,恒生指数,,,,,,,,111.19,2026-05-04 19:51:39.326881+08:00,
159922,中证500ETF嘉实,中证500,,,,,,,,104.03,2026-05-04 19:51:39.326881+08:00,
159923,中证A100ETF大成,,,,,,,,,0.21,2026-05-04 19:51:39.326881+08:00,
159925,沪深300ETF南方,沪深300,,,,,,,,27.00,2026-05-04 19:51:39.326881+08:00,
159928,消费ETF汇添富,消费指数,,,,,,,,186.55,2026-05-04 19:51:39.326881+08:00,
159929,医药ETF汇添富,医药指数,,,,,,,,23.57,2026-05-04 19:51:39.326881+08:00,
159930,能源ETF汇添富,能源指数,,,,,,,,15.03,2026-05-04 19:51:39.326881+08:00,
159931,金融地产ETF汇添富,地产指数,,,,,,,,0.39,2026-05-04 19:51:39.326881+08:00,
159933,金融地产ETF国投瑞银,地产指数,,,,,,,,1.11,2026-05-04 19:51:39.326881+08:00,
159934,黄金ETF易方达,黄金,,,,,,,,415.12,2026-05-04 19:51:39.326881+08:00,
159935,中证500ETF景顺,中证500,,,,,,,,0.75,2026-05-04 19:51:39.326881+08:00,
159936,可选消费ETF广发,消费指数,,,,,,,,3.12,2026-05-04 19:51:39.326881+08:00,
159937,黄金ETF博时,黄金,,,,,,,,481.07,2026-05-04 19:51:39.326881+08:00,
159938,医药ETF广发,医药指数,,,,,,,,48.05,2026-05-04 19:51:39.326881+08:00,
159939,信息技术ETF广发,,,,,,,,,11.11,2026-05-04 19:51:39.326881+08:00,
159940,金融地产ETF广发,地产指数,,,,,,,,5.63,2026-05-04 19:51:39.326881+08:00,
159941,纳指ETF广发,纳斯达克100,,,,,,,,326.65,2026-05-04 19:51:39.326881+08:00,
159943,深证成指ETF大成,,,,,,,,,1.92,2026-05-04 19:51:39.326881+08:00,
159944,材料ETF广发,,,,,,,,,0.79,2026-05-04 19:51:39.326881+08:00,
159945,能源ETF广发,能源指数,,,,,,,,1.16,2026-05-04 19:51:39.326881+08:00,
159948,创业板ETF南方,创业板指,,,,,,,,44.82,2026-05-04 19:51:39.326881+08:00,
159949,创业板50ETF华安,上证50,,,,,,,,218.25,2026-05-04 19:51:39.326881+08:00,
159952,创业板ETF广发,创业板指,,,,,,,,100.35,2026-05-04 19:51:39.326881+08:00,
159954,恒生中国企业ETF南方,国企指数,,,,,,,,2.43,2026-05-04 19:51:39.326881+08:00,
159956,创业板ETF建信,创业板指,,,,,,,,1.05,2026-05-04 19:51:39.326881+08:00,
159957,创业板ETF华夏,创业板指,,,,,,,,17.71,2026-05-04 19:51:39.326881+08:00,
159958,创业板ETF工银,创业板指,,,,,,,,5.25,2026-05-04 19:51:39.326881+08:00,
159959,央企ETF银华,央企指数,,,,,,,,30.75,2026-05-04 19:51:39.326881+08:00,
159960,恒生中国企业ETF平安,国企指数,,,,,,,,1.63,2026-05-04 19:51:39.326881+08:00,
159961,深100ETF方正富邦,深证100,,,,,,,,2.88,2026-05-04 19:51:39.326881+08:00,
159964,创业板ETF平安,创业板指,,,,,,,,4.79,2026-05-04 19:51:39.326881+08:00,
159965,央视50ETF国联,上证50,,,,,,,,0.48,2026-05-04 19:51:39.326881+08:00,
159966,创业板价值ETF华夏,创业板指,,,,,,,,3.69,2026-05-04 19:51:39.326881+08:00,
159967,创业板成长ETF华夏,创业板指,,,,,,,,42.30,2026-05-04 19:51:39.326881+08:00,
159968,中证500ETF博时,中证500,,,,,,,,7.07,2026-05-04 19:51:39.326881+08:00,
159970,深100ETF工银,深证100,,,,,,,,0.12,2026-05-04 19:51:39.326881+08:00,
159971,创业板ETF富国,创业板指,,,,,,,,21.36,2026-05-04 19:51:39.326881+08:00,
159973,民企ETF弘毅远方,,,,,,,,,4.06,2026-05-04 19:51:39.326881+08:00,
159974,央企创新ETF富国,央企指数,,,,,,,,0.81,2026-05-04 19:51:39.326881+08:00,
159975,深100ETF招商,深证100,,,,,,,,0.50,2026-05-04 19:51:39.326881+08:00,
159976,湾创ETF工银,,,,,,,,,1.17,2026-05-04 19:51:39.326881+08:00,
159977,创业板ETF天弘,创业板指,,,,,,,,65.36,2026-05-04 19:51:39.326881+08:00,
159980,有色ETF大成,有色指数,,,,,,,,66.82,2026-05-04 19:51:39.326881+08:00,
159981,能源化工ETF建信,能源指数,,,,,,,,39.67,2026-05-04 19:51:39.326881+08:00,
159982,中证500ETF鹏华,中证500,,,,,,,,3.26,2026-05-04 19:51:39.326881+08:00,
159985,豆粕ETF华夏,,,,,,,,,31.59,2026-05-04 19:51:39.326881+08:00,
159991,创业板大盘ETF招商,创业板指,,,,,,,,0.93,2026-05-04 19:51:39.326881+08:00,
159992,创新药ETF银华,,,,,,,,,152.52,2026-05-04 19:51:39.326881+08:00,
159993,证券ETF鹏华,证券指数,,,,,,,,40.21,2026-05-04 19:51:39.326881+08:00,
159994,通信ETF银华,通信指数,,,,,,,,24.82,2026-05-04 19:51:39.326881+08:00,
159995,芯片ETF华夏,芯片指数,,,,,,,,266.01,2026-05-04 19:51:39.326881+08:00,
159996,家电ETF国泰,消费指数,,,,,,,,11.64,2026-05-04 19:51:39.326881+08:00,
159997,电子ETF天弘,,,,,,,,,13.98,2026-05-04 19:51:39.326881+08:00,
159998,计算机ETF天弘,,,,,,,,,23.38,2026-05-04 19:51:39.326881+08:00,
510010,180治理ETF交银,,,,,,,,,2.43,2026-05-04 19:51:39.326881+08:00,
510020,超大盘ETF博时,,,,,,,,,1.54,2026-05-04 19:51:39.326881+08:00,
510030,价值ETF华宝,,,,,,,,,1.75,2026-05-04 19:51:39.326881+08:00,
510040,上证180ETF鹏华,,,,,,,,,0.34,2026-05-04 19:51:39.326881+08:00,
510050,上证50ETF华夏,上证50,,,,,,,,567.41,2026-05-04 19:51:39.326881+08:00,
510060,央企ETF工银,央企指数,,,,,,,,1.00,2026-05-04 19:51:39.326881+08:00,
510090,责任ETF建信,,,,,,,,,0.69,2026-05-04 19:51:39.326881+08:00,
510100,上证50ETF易方达,上证50,,,,,,,,31.59,2026-05-04 19:51:39.326881+08:00,
510130,上证中盘ETF易方达,,,,,,,,,2.43,2026-05-04 19:51:39.326881+08:00,
510150,消费ETF招商,消费指数,,,,,,,,15.85,2026-05-04 19:51:39.326881+08:00,
510160,产业升级ETF南方,,,,,,,,,1.90,2026-05-04 19:51:39.326881+08:00,
510170,大宗商品ETF国联安,商品指数,,,,,,,,6.09,2026-05-04 19:51:39.326881+08:00,
510180,上证180ETF华安,,,,,,,,,225.79,2026-05-04 19:51:39.326881+08:00,
510190,上证50ETF华安,上证50,,,,,,,,1.27,2026-05-04 19:51:39.326881+08:00,
510200,上证券商ETF汇安,证券指数,,,,,,,,1.80,2026-05-04 19:51:39.326881+08:00,
510210,上证指数ETF富国,,,,,,,,,67.24,2026-05-04 19:51:39.326881+08:00,
510230,金融ETF国泰,黄金,,,,,,,,42.12,2026-05-04 19:51:39.326881+08:00,
510270,国企ETF中银,国企指数,,,,,,,,0.24,2026-05-04 19:51:39.326881+08:00,
510290,上证380ETF南方,,,,,,,,,1.69,2026-05-04 19:51:39.326881+08:00,
510300,沪深300ETF华泰柏瑞,沪深300,,,,,,,,1899.30,2026-05-04 19:51:39.326881+08:00,
510310,沪深300ETF易方达,沪深300,,,,,,,,1408.12,2026-05-04 19:51:39.326881+08:00,
510320,沪深300ETF中金,沪深300,,,,,,,,7.59,2026-05-04 19:51:39.326881+08:00,
510330,沪深300ETF华夏,沪深300,,,,,,,,940.97,2026-05-04 19:51:39.326881+08:00,
510350,沪深300ETF工银,沪深300,,,,,,,,34.95,2026-05-04 19:51:39.326881+08:00,
510360,沪深300ETF广发,沪深300,,,,,,,,29.46,2026-05-04 19:51:39.326881+08:00,
510370,沪深300ETF兴业,沪深300,,,,,,,,0.90,2026-05-04 19:51:39.326881+08:00,
510380,沪深300ETF国寿,沪深300,,,,,,,,17.65,2026-05-04 19:51:39.326881+08:00,
510390,沪深300ETF平安,沪深300,,,,,,,,5.88,2026-05-04 19:51:39.326881+08:00,
510410,资源ETF博时,,,,,,,,,10.13,2026-05-04 19:51:39.326881+08:00,
510500,中证500ETF南方,中证500,,,,,,,,678.19,2026-05-04 19:51:39.326881+08:00,
510510,中证500ETF广发,中证500,,,,,,,,24.31,2026-05-04 19:51:39.326881+08:00,
510530,中证500ETF工银,中证500,,,,,,,,4.61,2026-05-04 19:51:39.326881+08:00,
510550,中证500ETF方正富邦,中证500,,,,,,,,0.50,2026-05-04 19:51:39.326881+08:00,
510560,中证500ETF国寿,中证500,,,,,,,,1.64,2026-05-04 19:51:39.326881+08:00,
510570,中证500ETF兴业,中证500,,,,,,,,0.66,2026-05-04 19:51:39.326881+08:00,
510580,中证500ETF易方达,中证500,,,,,,,,42.03,2026-05-04 19:51:39.326881+08:00,
510590,中证500ETF平安,中证500,,,,,,,,13.36,2026-05-04 19:51:39.326881+08:00,
510600,上证50ETF申万菱信,上证50,,,,,,,,0.49,2026-05-04 19:51:39.326881+08:00,
510630,消费ETF华夏,消费指数,,,,,,,,4.45,2026-05-04 19:51:39.326881+08:00,
510650,金融地产ETF华夏,地产指数,,,,,,,,0.29,2026-05-04 19:51:39.326881+08:00,
510660,医药ETF华夏,医药指数,,,,,,,,0.94,2026-05-04 19:51:39.326881+08:00,
510670,上证180ETF华夏,,,,,,,,,3.46,2026-05-04 19:51:39.326881+08:00,
510680,上证50ETF万家,上证50,,,,,,,,0.68,2026-05-04 19:51:39.326881+08:00,
510710,上证50ETF博时,上证50,,,,,,,,4.82,2026-05-04 19:51:39.326881+08:00,
510720,红利国企ETF国泰,红利指数,,,,,,,,18.69,2026-05-04 19:51:39.326881+08:00,
510760,上证指数ETF国泰,,,,,,,,,23.18,2026-05-04 19:51:39.326881+08:00,
510770,G60创新ETF申万菱信,,,,,,,,,0.20,2026-05-04 19:51:39.326881+08:00,
510800,上证50ETF建信,上证50,,,,,,,,2.90,2026-05-04 19:51:39.326881+08:00,
510810,上海国企ETF汇添富,国企指数,,,,,,,,51.94,2026-05-04 19:51:39.326881+08:00,
510850,上证50ETF工银,上证50,,,,,,,,2.11,2026-05-04 19:51:39.326881+08:00,
510880,红利ETF华泰柏瑞,红利指数,,,,,,,,187.00,2026-05-04 19:51:39.326881+08:00,
510900,恒生中国企业ETF易方达,国企指数,,,,,,,,41.98,2026-05-04 19:51:39.326881+08:00,
510950,上证50ETF广发,上证50,,,,,,,,0.97,2026-05-04 19:51:39.326881+08:00,
510980,上证指数ETF汇添富,,,,,,,,,4.17,2026-05-04 19:51:39.326881+08:00,
510990,180ESGETF工银,ESG指数,,,,,,,,0.43,2026-05-04 19:51:39.326881+08:00,
511600,华安日日鑫ETF,,,,,,,,,1.20,2026-05-04 19:51:39.326881+08:00,
511620,货币ETF国泰,货币基金,,,,,,,,4.04,2026-05-04 19:51:39.326881+08:00,
511650,货币ETF华夏,货币基金,,,,,,,,1.09,2026-05-04 19:51:39.326881+08:00,
511660,货币ETF建信,货币基金,,,,,,,,85.43,2026-05-04 19:51:39.326881+08:00,
511670,华泰天天金ETF,黄金,,,,,,,,0.21,2026-05-04 19:51:39.326881+08:00,
511690,交易货币ETF大成,货币基金,,,,,,,,7.88,2026-05-04 19:51:39.326881+08:00,
511700,货币ETF平安,货币基金,,,,,,,,13.83,2026-05-04 19:51:39.326881+08:00,
511770,金鹰增益货币ETF,黄金,,,,,,,,0.62,2026-05-04 19:51:39.326881+08:00,
511800,易方达货币ETF,货币基金,,,,,,,,1.69,2026-05-04 19:51:39.326881+08:00,
511810,货币ETF南方,货币基金,,,,,,,,3.82,2026-05-04 19:51:39.326881+08:00,
511820,鹏华添利ETF,,,,,,,,,0.96,2026-05-04 19:51:39.326881+08:00,
511830,货币ETF华泰柏瑞,货币基金,,,,,,,,0.36,2026-05-04 19:51:39.326881+08:00,
511850,招商财富宝ETF,,,,,,,,,9.64,2026-05-04 19:51:39.326881+08:00,
511860,货币ETF博时,货币基金,,,,,,,,0.54,2026-05-04 19:51:39.326881+08:00,
511880,银华日利ETF,,,,,,,,,809.54,2026-05-04 19:51:39.326881+08:00,
511900,富国货币ETF,货币基金,,,,,,,,1.82,2026-05-04 19:51:39.326881+08:00,
511910,融通货币ETF,货币基金,,,,,,,,0.19,2026-05-04 19:51:39.326881+08:00,
511920,货币ETF广发,货币基金,,,,,,,,0.36,2026-05-04 19:51:39.326881+08:00,
511930,货币ETF国联,货币基金,,,,,,,,0.26,2026-05-04 19:51:39.326881+08:00,
511950,添利货币ETF广发,货币基金,,,,,,,,0.36,2026-05-04 19:51:39.326881+08:00,
511960,货币ETF嘉实,货币基金,,,,,,,,0.34,2026-05-04 19:51:39.326881+08:00,
511970,国寿货币ETF,货币基金,,,,,,,,0.46,2026-05-04 19:51:39.326881+08:00,
511980,货币ETF汇添富,货币基金,,,,,,,,0.24,2026-05-04 19:51:39.326881+08:00,
511990,华宝添益ETF,,,,,,,,,718.81,2026-05-04 19:51:39.326881+08:00,
512000,券商ETF华宝,,,,,,,,,354.02,2026-05-04 19:51:39.326881+08:00,
512010,医药ETF易方达,医药指数,,,,,,,,170.79,2026-05-04 19:51:39.326881+08:00,
512020,A500ETF鹏华,中证500,,,,,,,,15.50,2026-05-04 19:51:39.326881+08:00,
512030,中证A50增强ETF易方达,,,,,,,,,0.46,2026-05-04 19:51:39.326881+08:00,
512040,价值100ETF富国,,,,,,,,,41.45,2026-05-04 19:51:39.326881+08:00,
512050,A500ETF华夏,中证500,,,,,,,,224.27,2026-05-04 19:51:39.326881+08:00,
512060,A100ETF天弘,,,,,,,,,0.16,2026-05-04 19:51:39.326881+08:00,
512070,证券保险ETF易方达,证券指数,,,,,,,,132.88,2026-05-04 19:51:39.326881+08:00,
512080,A500ETF中金,中证500,,,,,,,,7.46,2026-05-04 19:51:39.326881+08:00,
512090,MSCIA股ETF易方达,,,,,,,,,6.13,2026-05-04 19:51:39.326881+08:00,
512100,中证1000ETF南方,中证1000,,,,,,,,186.90,2026-05-04 19:51:39.326881+08:00,
512120,医药ETF华安,医药指数,,,,,,,,3.67,2026-05-04 19:51:39.326881+08:00,
512130,全指现金流ETF鹏华,黄金,,,,,,,,0.25,2026-05-04 19:51:39.326881+08:00,
512150,富时A50ETF汇安,上证50,,,,,,,,0.43,2026-05-04 19:51:39.326881+08:00,
512160,MSCI中国A股ETF南方,,,,,,,,,1.98,2026-05-04 19:51:39.326881+08:00,
512170,医疗ETF华宝,医药指数,,,,,,,,275.34,2026-05-04 19:51:39.326881+08:00,
512180,MSCIA股ETF建信,,,,,,,,,0.88,2026-05-04 19:51:39.326881+08:00,
512190,浙商之江凤凰ETF,,,,,,,,,3.73,2026-05-04 19:51:39.326881+08:00,
512200,房地产ETF南方,地产指数,,,,,,,,51.69,2026-05-04 19:51:39.326881+08:00,
512220,TMTETF景顺,,,,,,,,,5.75,2026-05-04 19:51:39.326881+08:00,
512240,A50ETF鹏华,上证50,,,,,,,,0.22,2026-05-04 19:51:39.326881+08:00,
512250,A50ETF招商,上证50,,,,,,,,2.96,2026-05-04 19:51:39.326881+08:00,
512260,中证500低波动ETF华安,中证500,,,,,,,,0.47,2026-05-04 19:51:39.326881+08:00,
512290,生物医药ETF国泰,医药指数,,,,,,,,37.07,2026-05-04 19:51:39.326881+08:00,
512330,信息科技ETF南方,科技指数,,,,,,,,6.60,2026-05-04 19:51:39.326881+08:00,
512360,MSCIA股ETF平安,,,,,,,,,0.56,2026-05-04 19:51:39.326881+08:00,
512370,A500增强ETF华夏,,,,,,,,,2.93,2026-05-04 19:51:39.326881+08:00,
512380,MSCI中国ETF银华,,,,,,,,,1.26,2026-05-04 19:51:39.326881+08:00,
512390,中国低波ETF平安,,,,,,,,,0.23,2026-05-04 19:51:39.326881+08:00,
512400,有色金属ETF南方,有色指数,,,,,,,,280.47,2026-05-04 19:51:39.326881+08:00,
512430,N家居家电ETF华泰柏瑞,消费指数,,,,,,,,2.31,2026-05-04 19:51:39.326881+08:00,
512450,畜牧养殖ETF广发,,,,,,,,,1.00,2026-05-04 19:51:39.326881+08:00,
512460,电池ETF华夏,,,,,,,,,1.80,2026-05-04 19:51:39.326881+08:00,
512480,半导体ETF国联安,半导体指数,,,,,,,,204.69,2026-05-04 19:51:39.326881+08:00,
512500,中证500ETF华夏,中证500,,,,,,,,124.22,2026-05-04 19:51:39.326881+08:00,
512510,中证500ETF华泰柏瑞,中证500,,,,,,,,11.11,2026-05-04 19:51:39.326881+08:00,
512520,MSCI中国ETF华泰柏瑞,,,,,,,,,0.68,2026-05-04 19:51:39.326881+08:00,
512530,沪深300红利ETF建信,沪深300,,,,,,,,1.64,2026-05-04 19:51:39.326881+08:00,
512550,富时A50ETF嘉实,上证50,,,,,,,,2.25,2026-05-04 19:51:39.326881+08:00,
512560,军工ETF易方达,军工指数,,,,,,,,8.48,2026-05-04 19:51:39.326881+08:00,
512570,证券ETF易方达,证券指数,,,,,,,,27.63,2026-05-04 19:51:39.326881+08:00,
512580,环保ETF广发,环保指数,,,,,,,,9.33,2026-05-04 19:51:39.326881+08:00,
512600,消费ETF嘉实,消费指数,,,,,,,,9.61,2026-05-04 19:51:39.326881+08:00,
512620,农业ETF天弘,,,,,,,,,12.22,2026-05-04 19:51:39.326881+08:00,
512630,卫星ETF广发,,,,,,,,,20.89,2026-05-04 19:51:39.326881+08:00,
512640,金融地产ETF嘉实,地产指数,,,,,,,,0.56,2026-05-04 19:51:39.326881+08:00,
512650,长三角ETF汇添富,,,,,,,,,0.44,2026-05-04 19:51:39.326881+08:00,
512660,军工ETF国泰,军工指数,,,,,,,,98.67,2026-05-04 19:51:39.326881+08:00,
512670,国防ETF鹏华,,,,,,,,,28.00,2026-05-04 19:51:39.326881+08:00,
512680,军工ETF广发,军工指数,,,,,,,,56.05,2026-05-04 19:51:39.326881+08:00,
512690,酒ETF鹏华,酒指数,,,,,,,,169.38,2026-05-04 19:51:39.326881+08:00,
512700,银行ETF南方,银行指数,,,,,,,,10.46,2026-05-04 19:51:39.326881+08:00,
512710,军工龙头ETF富国,军工指数,,,,,,,,94.42,2026-05-04 19:51:39.326881+08:00,
512720,计算机ETF国泰,,,,,,,,,6.64,2026-05-04 19:51:39.326881+08:00,
512730,银行ETF鹏华,银行指数,,,,,,,,1.15,2026-05-04 19:51:39.326881+08:00,
512750,基本面50ETF嘉实,上证50,,,,,,,,0.72,2026-05-04 19:51:39.326881+08:00,
512760,芯片ETF国泰,芯片指数,,,,,,,,102.44,2026-05-04 19:51:39.326881+08:00,
512770,战略新兴ETF华夏,,,,,,,,,2.58,2026-05-04 19:51:39.326881+08:00,
512800,银行ETF华宝,银行指数,,,,,,,,106.65,2026-05-04 19:51:39.326881+08:00,
512810,军工ETF华宝,军工指数,,,,,,,,7.69,2026-05-04 19:51:39.326881+08:00,
512820,银行ETF汇添富,银行指数,,,,,,,,6.51,2026-05-04 19:51:39.326881+08:00,
512870,杭州湾区ETF南华,,,,,,,,,0.39,2026-05-04 19:51:39.326881+08:00,
512880,证券ETF国泰,证券指数,,,,,,,,531.86,2026-05-04 19:51:39.326881+08:00,
512890,红利低波ETF华泰柏瑞,红利指数,,,,,,,,303.51,2026-05-04 19:51:39.326881+08:00,
512900,证券ETF南方,证券指数,,,,,,,,68.45,2026-05-04 19:51:39.326881+08:00,
512910,A100ETF广发,,,,,,,,,2.05,2026-05-04 19:51:39.326881+08:00,
512930,AI人工智能ETF平安,人工智能指数,,,,,,,,28.57,2026-05-04 19:51:39.326881+08:00,
512940,有色ETF华安,有色指数,,,,,,,,15.65,2026-05-04 19:51:39.326881+08:00,
512950,央企改革ETF华夏,央企指数,,,,,,,,63.16,2026-05-04 19:51:39.326881+08:00,
512960,央企结构调整ETF博时,央企指数,,,,,,,,60.12,2026-05-04 19:51:39.326881+08:00,
512970,大湾区ETF平安,,,,,,,,,0.17,2026-05-04 19:51:39.326881+08:00,
512980,传媒ETF广发,传媒指数,,,,,,,,53.44,2026-05-04 19:51:39.326881+08:00,
512990,MSCIA股ETF华夏,,,,,,,,,2.17,2026-05-04 19:51:39.326881+08:00,
513000,日经225ETF易方达,日本指数,,,,,,,,19.43,2026-05-04 19:51:39.326881+08:00,
513010,恒生科技ETF易方达,科技指数,,,,,,,,314.72,2026-05-04 19:51:39.326881+08:00,
513020,港股科技ETF国泰,科技指数,,,,,,,,43.59,2026-05-04 19:51:39.326881+08:00,
513030,德国ETF华安,德国指数,,,,,,,,17.69,2026-05-04 19:51:39.326881+08:00,
513040,港股通互联网ETF易方达,港股指数,,,,,,,,83.27,2026-05-04 19:51:39.326881+08:00,
513050,中概互联网ETF易方达,,,,,,,,,399.41,2026-05-04 19:51:39.326881+08:00,
513060,恒生医疗ETF博时,医药指数,,,,,,,,60.91,2026-05-04 19:51:39.326881+08:00,
513070,港股通消费ETF易方达,消费指数,,,,,,,,19.33,2026-05-04 19:51:39.326881+08:00,
513080,法国ETF华安,法国指数,,,,,,,,10.77,2026-05-04 19:51:39.326881+08:00,
513090,香港证券ETF易方达,证券指数,,,,,,,,216.30,2026-05-04 19:51:39.326881+08:00,
513100,纳指ETF国泰,纳斯达克100,,,,,,,,185.44,2026-05-04 19:51:39.326881+08:00,
513110,纳指ETF华泰柏瑞,纳斯达克100,,,,,,,,46.54,2026-05-04 19:51:39.326881+08:00,
513120,港股创新药ETF广发,港股指数,,,,,,,,253.97,2026-05-04 19:51:39.326881+08:00,
513130,恒生科技ETF华泰柏瑞,科技指数,,,,,,,,476.62,2026-05-04 19:51:39.326881+08:00,
513140,港股通金融ETF华泰柏瑞,黄金,,,,,,,,1.48,2026-05-04 19:51:39.326881+08:00,
513150,港股通科技ETF华泰柏瑞,科技指数,,,,,,,,1.22,2026-05-04 19:51:39.326881+08:00,
513160,港股科技ETF银华,科技指数,,,,,,,,49.89,2026-05-04 19:51:39.326881+08:00,
513170,恒生央企ETF鹏华,央企指数,,,,,,,,3.34,2026-05-04 19:51:39.326881+08:00,
513180,恒生科技ETF华夏,科技指数,,,,,,,,522.21,2026-05-04 19:51:39.326881+08:00,
513190,港股通金融ETF华夏,黄金,,,,,,,,22.88,2026-05-04 19:51:39.326881+08:00,
513200,港股通医药ETF易方达,医药指数,,,,,,,,13.97,2026-05-04 19:51:39.326881+08:00,
513210,恒生ETF易方达,恒生指数,,,,,,,,0.66,2026-05-04 19:51:39.326881+08:00,
513220,中概互联ETF招商,,,,,,,,,6.29,2026-05-04 19:51:39.326881+08:00,
513230,港股通消费ETF华夏,消费指数,,,,,,,,4.63,2026-05-04 19:51:39.326881+08:00,
513260,恒生科技ETF汇添富,科技指数,,,,,,,,73.51,2026-05-04 19:51:39.326881+08:00,
513280,恒生生物科技ETF汇添富,科技指数,,,,,,,,4.38,2026-05-04 19:51:39.326881+08:00,
513290,纳指生物科技ETF汇添富,科技指数,,,,,,,,14.33,2026-05-04 19:51:39.326881+08:00,
513300,纳斯达克ETF华夏,纳斯达克100,,,,,,,,123.21,2026-05-04 19:51:39.326881+08:00,
513310,中韩半导体ETF华泰柏瑞,半导体指数,,,,,,,,93.73,2026-05-04 19:51:39.326881+08:00,
513320,港股通新经济ETF易方达,港股指数,,,,,,,,1.39,2026-05-04 19:51:39.326881+08:00,
513330,恒生互联网ETF华夏,恒生指数,,,,,,,,331.69,2026-05-04 19:51:39.326881+08:00,
513350,标普油气ETF富国,标普500,,,,,,,,10.73,2026-05-04 19:51:39.326881+08:00,
513360,教育ETF博时,教育指数,,,,,,,,3.05,2026-05-04 19:51:39.326881+08:00,
513380,恒生科技ETF广发,科技指数,,,,,,,,122.77,2026-05-04 19:51:39.326881+08:00,
513390,纳指100ETF博时,纳斯达克100,,,,,,,,39.52,2026-05-04 19:51:39.326881+08:00,
513400,道琼斯ETF鹏华,,,,,,,,,25.50,2026-05-04 19:51:39.326881+08:00,
513500,标普500ETF博时,标普500,,,,,,,,240.08,2026-05-04 19:51:39.326881+08:00,
513520,日经ETF华夏,日本指数,,,,,,,,20.84,2026-05-04 19:51:39.326881+08:00,
513530,港股通红利ETF华泰柏瑞,红利指数,,,,,,,,35.99,2026-05-04 19:51:39.326881+08:00,
513550,港股通50ETF华泰柏瑞,上证50,,,,,,,,26.99,2026-05-04 19:51:39.326881+08:00,
513560,香港科技ETF兴银,科技指数,,,,,,,,8.02,2026-05-04 19:51:39.326881+08:00,
513580,恒生科技ETF华安,科技指数,,,,,,,,47.26,2026-05-04 19:51:39.326881+08:00,
513590,港股通消费ETF鹏华,消费指数,,,,,,,,1.44,2026-05-04 19:51:39.326881+08:00,
513600,恒生指数ETF南方,恒生指数,,,,,,,,21.15,2026-05-04 19:51:39.326881+08:00,
513630,港股低波红利ETF摩根,红利指数,,,,,,,,164.72,2026-05-04 19:51:39.326881+08:00,
513650,标普500ETF南方,标普500,,,,,,,,61.41,2026-05-04 19:51:39.326881+08:00,
513660,恒生ETF华夏,恒生指数,,,,,,,,43.13,2026-05-04 19:51:39.326881+08:00,
513690,港股红利ETF博时,红利指数,,,,,,,,51.68,2026-05-04 19:51:39.326881+08:00,
513700,港股通医药ETF鹏华,医药指数,,,,,,,,6.65,2026-05-04 19:51:39.326881+08:00,
513720,港股互联网ETF国泰,港股指数,,,,,,,,1.30,2026-05-04 19:51:39.326881+08:00,
513730,东南亚科技ETF华泰柏瑞,科技指数,,,,,,,,10.80,2026-05-04 19:51:39.326881+08:00,
513750,港股通非银ETF广发,港股指数,,,,,,,,241.81,2026-05-04 19:51:39.326881+08:00,
513770,港股互联网ETF华宝,港股指数,,,,,,,,102.26,2026-05-04 19:51:39.326881+08:00,
513780,港股创新药ETF景顺,港股指数,,,,,,,,28.54,2026-05-04 19:51:39.326881+08:00,
513800,日本东证指数ETF南方,,,,,,,,,17.61,2026-05-04 19:51:39.326881+08:00,
513810,港股国企ETF华夏,国企指数,,,,,,,,0.66,2026-05-04 19:51:39.326881+08:00,
513820,港股通红利ETF汇添富,红利指数,,,,,,,,30.70,2026-05-04 19:51:39.326881+08:00,
513830,港股通高股息ETF嘉实,港股指数,,,,,,,,0.84,2026-05-04 19:51:39.326881+08:00,
513850,美国50ETF易方达,上证50,,,,,,,,19.29,2026-05-04 19:51:39.326881+08:00,
513860,港股通科技ETF海富通,科技指数,,,,,,,,34.47,2026-05-04 19:51:39.326881+08:00,
513870,纳指ETF富国,纳斯达克100,,,,,,,,22.50,2026-05-04 19:51:39.326881+08:00,
513880,日经225ETF华安,日本指数,,,,,,,,23.41,2026-05-04 19:51:39.326881+08:00,
513890,恒生科技ETF摩根,科技指数,,,,,,,,9.26,2026-05-04 19:51:39.326881+08:00,
513900,港股通100ETF华安,港股指数,,,,,,,,1.15,2026-05-04 19:51:39.326881+08:00,
513910,港股通央企红利ETF华夏,红利指数,,,,,,,,44.72,2026-05-04 19:51:39.326881+08:00,
513920,港股通央企红利ETF华安,红利指数,,,,,,,,59.56,2026-05-04 19:51:39.326881+08:00,
513930,恒生生物科技ETF华泰柏瑞,科技指数,,,,,,,,0.60,2026-05-04 19:51:39.326881+08:00,
513950,恒生红利ETF富国,红利指数,,,,,,,,32.04,2026-05-04 19:51:39.326881+08:00,
513970,恒生消费ETF景顺,消费指数,,,,,,,,21.50,2026-05-04 19:51:39.326881+08:00,
513980,港股科技ETF景顺,科技指数,,,,,,,,188.86,2026-05-04 19:51:39.326881+08:00,
513990,港股通ETF招商,港股指数,,,,,,,,0.91,2026-05-04 19:51:39.326881+08:00,
515000,科技ETF华宝,科技指数,,,,,,,,31.11,2026-05-04 19:51:39.326881+08:00,
515010,证券ETF华夏,证券指数,,,,,,,,17.34,2026-05-04 19:51:39.326881+08:00,
515020,银行ETF华夏,银行指数,,,,,,,,8.19,2026-05-04 19:51:39.326881+08:00,
515030,新能源车ETF华夏,新能源指数,,,,,,,,61.15,2026-05-04 19:51:39.326881+08:00,
515050,通信ETF华夏,通信指数,,,,,,,,110.52,2026-05-04 19:51:39.326881+08:00,
515060,房地产ETF华夏,地产指数,,,,,,,,6.79,2026-05-04 19:51:39.326881+08:00,
515070,人工智能ETF华夏,人工智能指数,,,,,,,,99.13,2026-05-04 19:51:39.326881+08:00,
515080,中证红利ETF招商,红利指数,,,,,,,,95.15,2026-05-04 19:51:39.326881+08:00,
515090,可持续发展ETF博时,,,,,,,,,0.07,2026-05-04 19:51:39.326881+08:00,
515100,红利低波100ETF景顺,红利指数,,,,,,,,62.27,2026-05-04 19:51:39.326881+08:00,
515110,一带一路ETF易方达,,,,,,,,,4.02,2026-05-04 19:51:39.326881+08:00,
515120,创新药ETF广发,,,,,,,,,93.57,2026-05-04 19:51:39.326881+08:00,
515130,沪深300ETF博时,沪深300,,,,,,,,1.12,2026-05-04 19:51:39.326881+08:00,
515150,一带一路ETF富国,,,,,,,,,6.67,2026-05-04 19:51:39.326881+08:00,
515160,MSCI中国ETF招商,,,,,,,,,4.39,2026-05-04 19:51:39.326881+08:00,
515170,食品饮料ETF华夏,,,,,,,,,46.67,2026-05-04 19:51:39.326881+08:00,
515180,红利ETF易方达,红利指数,,,,,,,,142.23,2026-05-04 19:51:39.326881+08:00,
515190,中证500ETF中银证券,中证500,,,,,,,,5.94,2026-05-04 19:51:39.326881+08:00,
515200,创新100ETF申万菱信,,,,,,,,,1.08,2026-05-04 19:51:39.326881+08:00,
515210,钢铁ETF国泰,钢铁指数,,,,,,,,25.99,2026-05-04 19:51:39.326881+08:00,
515220,煤炭ETF国泰,煤炭指数,,,,,,,,105.14,2026-05-04 19:51:39.326881+08:00,
515230,软件ETF国泰,,,,,,,,,47.21,2026-05-04 19:51:39.326881+08:00,
515250,智能汽车ETF富国,汽车指数,,,,,,,,5.39,2026-05-04 19:51:39.326881+08:00,
515260,电子ETF华宝,,,,,,,,,5.12,2026-05-04 19:51:39.326881+08:00,
515290,银行ETF天弘,银行指数,,,,,,,,46.69,2026-05-04 19:51:39.326881+08:00,
515300,300红利低波ETF嘉实,红利指数,,,,,,,,52.57,2026-05-04 19:51:39.326881+08:00,
515310,沪深300ETF汇添富,沪深300,,,,,,,,3.46,2026-05-04 19:51:39.326881+08:00,
515320,电子50ETF华安,上证50,,,,,,,,1.16,2026-05-04 19:51:39.326881+08:00,
515330,沪深300ETF天弘,沪深300,,,,,,,,82.69,2026-05-04 19:51:39.326881+08:00,
515350,沪深300ETF民生加银,沪深300,,,,,,,,0.75,2026-05-04 19:51:39.326881+08:00,
515360,沪深300ETF方正富邦,沪深300,,,,,,,,2.62,2026-05-04 19:51:39.326881+08:00,
515370,光伏ETF华夏,光伏指数,,,,,,,,13.09,2026-05-04 19:51:39.326881+08:00,
515380,沪深300ETF泰康,沪深300,,,,,,,,36.23,2026-05-04 19:51:39.326881+08:00,
515390,沪深300ETF华安,沪深300,,,,,,,,10.45,2026-05-04 19:51:39.326881+08:00,
515400,大数据ETF富国,大数据指数,,,,,,,,14.88,2026-05-04 19:51:39.326881+08:00,
515450,红利低波50ETF南方,上证50,,,,,,,,173.44,2026-05-04 19:51:39.326881+08:00,
515460,红利质量ETF南方,红利指数,,,,,,,,3.52,2026-05-04 19:51:39.326881+08:00,
515530,中证500ETF泰康,中证500,,,,,,,,0.52,2026-05-04 19:51:39.326881+08:00,
515550,中证500ETF国联,中证500,,,,,,,,0.26,2026-05-04 19:51:39.326881+08:00,
515560,证券ETF建信,证券指数,,,,,,,,1.97,2026-05-04 19:51:39.326881+08:00,
515580,科技100ETF华泰柏瑞,科技指数,,,,,,,,5.15,2026-05-04 19:51:39.326881+08:00,
515590,500等权ETF前海开源,,,,,,,,,0.73,2026-05-04 19:51:39.326881+08:00,
515600,央企创新ETF广发,央企指数,,,,,,,,18.52,2026-05-04 19:51:39.326881+08:00,
515630,证券保险ETF鹏华,证券指数,,,,,,,,8.82,2026-05-04 19:51:39.326881+08:00,
515640,家电ETF华夏,消费指数,,,,,,,,0.99,2026-05-04 19:51:39.326881+08:00,
515650,消费50ETF富国,上证50,,,,,,,,35.61,2026-05-04 19:51:39.326881+08:00,
515660,沪深300ETF国联安,沪深300,,,,,,,,28.00,2026-05-04 19:51:39.326881+08:00,
515680,央企创新ETF嘉实,央企指数,,,,,,,,19.67,2026-05-04 19:51:39.326881+08:00,
515700,新能源车ETF平安,新能源指数,,,,,,,,19.43,2026-05-04 19:51:39.326881+08:00,
515710,食品饮料ETF华宝,,,,,,,,,13.64,2026-05-04 19:51:39.326881+08:00,
515720,金融科技ETF富国,科技指数,,,,,,,,3.38,2026-05-04 19:51:39.326881+08:00,
515730,家居家电ETF永赢,消费指数,,,,,,,,0.43,2026-05-04 19:51:39.326881+08:00,
515750,科技50ETF富国,上证50,,,,,,,,6.70,2026-05-04 19:51:39.326881+08:00,
515760,浙江国资ETF华夏,,,,,,,,,1.37,2026-05-04 19:51:39.326881+08:00,
515770,MSCI中国A股ETF摩根,,,,,,,,,0.62,2026-05-04 19:51:39.326881+08:00,
515790,光伏ETF华泰柏瑞,光伏指数,,,,,,,,94.18,2026-05-04 19:51:39.326881+08:00,
515800,中证800ETF汇添富,中证800,,,,,,,,54.41,2026-05-04 19:51:39.326881+08:00,
515810,中证800ETF易方达,中证800,,,,,,,,6.34,2026-05-04 19:51:39.326881+08:00,
515850,证券ETF富国,证券指数,,,,,,,,3.64,2026-05-04 19:51:39.326881+08:00,
515860,科技ETF嘉实,科技指数,,,,,,,,2.00,2026-05-04 19:51:39.326881+08:00,
515880,通信ETF国泰,通信指数,,,,,,,,230.74,2026-05-04 19:51:39.326881+08:00,
515890,红利ETF博时,红利指数,,,,,,,,4.62,2026-05-04 19:51:39.326881+08:00,
515900,央企创新ETF博时,央企指数,,,,,,,,39.56,2026-05-04 19:51:39.326881+08:00,
515910,质量ETF中金,黄金,,,,,,,,1.87,2026-05-04 19:51:39.326881+08:00,
515920,智能消费ETF博时,消费指数,,,,,,,,0.97,2026-05-04 19:51:39.326881+08:00,
515950,医药50ETF富国,上证50,,,,,,,,5.28,2026-05-04 19:51:39.326881+08:00,
515960,医药ETF嘉实,医药指数,,,,,,,,2.00,2026-05-04 19:51:39.326881+08:00,
515970,工程机械ETF华夏,,,,,,,,,8.20,2026-05-04 19:51:39.326881+08:00,
515980,人工智能ETF华富,人工智能指数,,,,,,,,80.53,2026-05-04 19:51:39.326881+08:00,
515990,一带一路ETF汇添富,,,,,,,,,0.96,2026-05-04 19:51:39.326881+08:00,
516000,大数据ETF华夏,大数据指数,,,,,,,,3.59,2026-05-04 19:51:39.326881+08:00,
516010,游戏ETF国泰,,,,,,,,,25.71,2026-05-04 19:51:39.326881+08:00,
516020,化工ETF华宝,化工指数,,,,,,,,57.93,2026-05-04 19:51:39.326881+08:00,
516050,科技龙头ETF工银,科技指数,,,,,,,,2.33,2026-05-04 19:51:39.326881+08:00,
516060,创新药ETF工银,,,,,,,,,1.73,2026-05-04 19:51:39.326881+08:00,
516070,低碳ETF易方达,,,,,,,,,2.26,2026-05-04 19:51:39.326881+08:00,
516080,创新药ETF易方达,,,,,,,,,14.99,2026-05-04 19:51:39.326881+08:00,
516090,新能源ETF易方达,新能源指数,,,,,,,,12.66,2026-05-04 19:51:39.326881+08:00,
516100,金融科技ETF华夏,科技指数,,,,,,,,12.05,2026-05-04 19:51:39.326881+08:00,
516110,汽车ETF国泰,汽车指数,,,,,,,,5.77,2026-05-04 19:51:39.326881+08:00,
516120,化工ETF富国,化工指数,,,,,,,,77.83,2026-05-04 19:51:39.326881+08:00,
516130,消费龙头ETF华宝,消费指数,,,,,,,,10.62,2026-05-04 19:51:39.326881+08:00,
516150,稀土ETF嘉实,,,,,,,,,97.45,2026-05-04 19:51:39.326881+08:00,
516160,新能源ETF南方,新能源指数,,,,,,,,77.95,2026-05-04 19:51:39.326881+08:00,
516180,光伏ETF平安,光伏指数,,,,,,,,2.22,2026-05-04 19:51:39.326881+08:00,
516190,传媒ETF华夏,传媒指数,,,,,,,,1.14,2026-05-04 19:51:39.326881+08:00,
516200,证券ETF华安,证券指数,,,,,,,,3.63,2026-05-04 19:51:39.326881+08:00,
516210,银行ETF华安,银行指数,,,,,,,,1.20,2026-05-04 19:51:39.326881+08:00,
516220,化工ETF国泰,化工指数,,,,,,,,4.28,2026-05-04 19:51:39.326881+08:00,
516230,光伏ETF招商,光伏指数,,,,,,,,5.10,2026-05-04 19:51:39.326881+08:00,
516250,工程机械ETF富国,,,,,,,,,0.99,2026-05-04 19:51:39.326881+08:00,
516260,物联网ETF华夏,物联网指数,,,,,,,,0.67,2026-05-04 19:51:39.326881+08:00,
516270,新能源ETF华安,新能源指数,,,,,,,,2.71,2026-05-04 19:51:39.326881+08:00,
516290,光伏ETF汇添富,光伏指数,,,,,,,,6.20,2026-05-04 19:51:39.326881+08:00,
516300,中证1000ETF华泰柏瑞,中证1000,,,,,,,,0.94,2026-05-04 19:51:39.326881+08:00,
516310,银行ETF易方达,银行指数,,,,,,,,20.47,2026-05-04 19:51:39.326881+08:00,
516320,高端装备ETF华夏,,,,,,,,,0.84,2026-05-04 19:51:39.326881+08:00,
516330,物联网ETF华泰柏瑞,物联网指数,,,,,,,,0.12,2026-05-04 19:51:39.326881+08:00,
516350,芯片ETF易方达,芯片指数,,,,,,,,16.81,2026-05-04 19:51:39.326881+08:00,
516360,新材料ETF华宝,,,,,,,,,0.68,2026-05-04 19:51:39.326881+08:00,
516370,电力ETF汇添富,电力指数,,,,,,,,2.69,2026-05-04 19:51:39.326881+08:00,
516380,智能电动车ETF华宝,,,,,,,,,0.95,2026-05-04 19:51:39.326881+08:00,
516390,新能源车ETF汇添富,新能源指数,,,,,,,,2.26,2026-05-04 19:51:39.326881+08:00,
516460,现金流ETF800鹏华,黄金,,,,,,,,9.15,2026-05-04 19:51:39.326881+08:00,
516500,生物科技ETF华夏,科技指数,,,,,,,,1.56,2026-05-04 19:51:39.326881+08:00,
516510,云计算ETF易方达,云计算指数,,,,,,,,25.13,2026-05-04 19:51:39.326881+08:00,
516520,智能驾驶ETF华泰柏瑞,,,,,,,,,10.83,2026-05-04 19:51:39.326881+08:00,
516530,物流ETF银华,,,,,,,,,0.18,2026-05-04 19:51:39.326881+08:00,
516550,农业ETF嘉实,,,,,,,,,2.06,2026-05-04 19:51:39.326881+08:00,
516560,养老ETF华宝,,,,,,,,,1.53,2026-05-04 19:51:39.326881+08:00,
516570,化工行业ETF易方达,化工指数,,,,,,,,19.09,2026-05-04 19:51:39.326881+08:00,
516580,新能源ETF博时,新能源指数,,,,,,,,1.17,2026-05-04 19:51:39.326881+08:00,
516590,智能汽车ETF易方达,汽车指数,,,,,,,,0.79,2026-05-04 19:51:39.326881+08:00,
516600,消费服务ETF工银,消费指数,,,,,,,,0.79,2026-05-04 19:51:39.326881+08:00,
516610,医疗设备ETF大成,医药指数,,,,,,,,0.94,2026-05-04 19:51:39.326881+08:00,
516620,影视ETF国泰,传媒指数,,,,,,,,1.79,2026-05-04 19:51:39.326881+08:00,
516630,云计算ETF华夏,云计算指数,,,,,,,,6.94,2026-05-04 19:51:39.326881+08:00,
516640,芯片ETF富国,芯片指数,,,,,,,,13.61,2026-05-04 19:51:39.326881+08:00,
516650,有色金属ETF华夏,有色指数,,,,,,,,132.54,2026-05-04 19:51:39.326881+08:00,
516660,新能源车ETF华安,新能源指数,,,,,,,,2.26,2026-05-04 19:51:39.326881+08:00,
516670,畜牧养殖ETF招商,,,,,,,,,20.11,2026-05-04 19:51:39.326881+08:00,
516700,大数据ETF华宝,大数据指数,,,,,,,,1.11,2026-05-04 19:51:39.326881+08:00,
516710,新材料ETF华夏,,,,,,,,,0.47,2026-05-04 19:51:39.326881+08:00,
516720,ESGETF浦银,ESG指数,,,,,,,,0.16,2026-05-04 19:51:39.326881+08:00,
516730,证券ETF浦银,证券指数,,,,,,,,0.94,2026-05-04 19:51:39.326881+08:00,
516750,建材ETF富国,建材指数,,,,,,,,0.95,2026-05-04 19:51:39.326881+08:00,
516760,养殖ETF平安,,,,,,,,,1.66,2026-05-04 19:51:39.326881+08:00,
516770,游戏ETF华泰柏瑞,,,,,,,,,3.94,2026-05-04 19:51:39.326881+08:00,
516780,稀土ETF华泰柏瑞,,,,,,,,,30.98,2026-05-04 19:51:39.326881+08:00,
516790,医疗ETF华泰柏瑞,医药指数,,,,,,,,0.96,2026-05-04 19:51:39.326881+08:00,
516800,智能制造ETF华宝,,,,,,,,,2.12,2026-05-04 19:51:39.326881+08:00,
516810,农业ETF华夏,,,,,,,,,4.57,2026-05-04 19:51:39.326881+08:00,
516820,医疗创新ETF平安,医药指数,,,,,,,,17.52,2026-05-04 19:51:39.326881+08:00,
516830,沪深300ESGETF富国,沪深300,,,,,,,,1.05,2026-05-04 19:51:39.326881+08:00,
516850,新能源ETF华夏,新能源指数,,,,,,,,1.83,2026-05-04 19:51:39.326881+08:00,
516860,金融科技ETF博时,科技指数,,,,,,,,14.71,2026-05-04 19:51:39.326881+08:00,
516880,光伏ETF银华,光伏指数,,,,,,,,11.90,2026-05-04 19:51:39.326881+08:00,
516890,新材料ETF平安,,,,,,,,,0.30,2026-05-04 19:51:39.326881+08:00,
516900,食品饮料ETF华安,,,,,,,,,1.89,2026-05-04 19:51:39.326881+08:00,
516910,物流ETF富国,,,,,,,,,0.92,2026-05-04 19:51:39.326881+08:00,
516920,芯片ETF汇添富,芯片指数,,,,,,,,6.53,2026-05-04 19:51:39.326881+08:00,
516930,生物科技ETF民生加银,科技指数,,,,,,,,0.56,2026-05-04 19:51:39.326881+08:00,
516950,基建ETF银华,基建指数,,,,,,,,1.43,2026-05-04 19:51:39.326881+08:00,
516960,机械ETF国泰,,,,,,,,,0.18,2026-05-04 19:51:39.326881+08:00,
516970,基建ETF广发,基建指数,,,,,,,,16.75,2026-05-04 19:51:39.326881+08:00,
516980,证券先锋ETF华富,证券指数,,,,,,,,0.51,2026-05-04 19:51:39.326881+08:00,
517000,沪港深500ETF银华,中证500,,,,,,,,1.63,2026-05-04 19:51:39.326881+08:00,
517010,沪港深500ETF易方达,中证500,,,,,,,,1.00,2026-05-04 19:51:39.326881+08:00,
517030,沪港深300ETF易方达,沪深300,,,,,,,,1.03,2026-05-04 19:51:39.326881+08:00,
517050,互联网ETF华泰柏瑞,,,,,,,,,2.66,2026-05-04 19:51:39.326881+08:00,
517080,沪港深500ETF汇添富,中证500,,,,,,,,2.09,2026-05-04 19:51:39.326881+08:00,
517090,央企共赢ETF国泰,央企指数,,,,,,,,1.37,2026-05-04 19:51:39.326881+08:00,
517100,沪港深500ETF富国,中证500,,,,,,,,1.77,2026-05-04 19:51:39.326881+08:00,
517110,创新药ETF国泰,,,,,,,,,5.11,2026-05-04 19:51:39.326881+08:00,
517120,创新药ETF华泰柏瑞,,,,,,,,,2.88,2026-05-04 19:51:39.326881+08:00,
517160,长江保护ETF南方,,,,,,,,,18.47,2026-05-04 19:51:39.326881+08:00,
517170,沪港深500ETF华夏,中证500,,,,,,,,0.17,2026-05-04 19:51:39.326881+08:00,
517180,中国国企ETF南方,国企指数,,,,,,,,1.64,2026-05-04 19:51:39.326881+08:00,
517200,互联网ETF嘉实,,,,,,,,,0.93,2026-05-04 19:51:39.326881+08:00,
517300,沪港深300ETF国寿,沪深300,,,,,,,,18.35,2026-05-04 19:51:39.326881+08:00,
517330,长江保护ETF易方达,,,,,,,,,18.56,2026-05-04 19:51:39.326881+08:00,
517350,沪港深科技ETF广发,科技指数,,,,,,,,0.67,2026-05-04 19:51:39.326881+08:00,
517360,沪港深科技ETF华安,科技指数,,,,,,,,0.26,2026-05-04 19:51:39.326881+08:00,
517380,创新药ETF天弘,,,,,,,,,16.46,2026-05-04 19:51:39.326881+08:00,
517390,云计算ETF天弘,云计算指数,,,,,,,,3.08,2026-05-04 19:51:39.326881+08:00,
517400,黄金股ETF国泰,黄金,,,,,,,,12.85,2026-05-04 19:51:39.326881+08:00,
517520,黄金股ETF永赢,黄金,,,,,,,,122.08,2026-05-04 19:51:39.326881+08:00,
517550,沪港深消费龙头ETF招商,消费指数,,,,,,,,0.66,2026-05-04 19:51:39.326881+08:00,
517660,物联网ETF天弘,物联网指数,,,,,,,,0.55,2026-05-04 19:51:39.326881+08:00,
517770,游戏传媒ETF浦银,传媒指数,,,,,,,,1.80,2026-05-04 19:51:39.326881+08:00,
517800,人工智能50ETF方正富邦,上证50,,,,,,,,4.17,2026-05-04 19:51:39.326881+08:00,
517850,张江ETF汇添富,,,,,,,,,0.50,2026-05-04 19:51:39.326881+08:00,
517880,品牌消费ETF华泰柏瑞,消费指数,,,,,,,,0.40,2026-05-04 19:51:39.326881+08:00,
517900,银行AH优选ETF招商,银行指数,,,,,,,,8.49,2026-05-04 19:51:39.326881+08:00,
517950,沪深港科技50ETF交银,上证50,,,,,,,,1.02,2026-05-04 19:51:39.326881+08:00,
517990,沪港深医药ETF招商,医药指数,,,,,,,,0.39,2026-05-04 19:51:39.326881+08:00,
518600,金ETF广发,黄金,,,,,,,,78.04,2026-05-04 19:51:39.326881+08:00,
518660,黄金ETF工银,黄金,,,,,,,,92.58,2026-05-04 19:51:39.326881+08:00,
518680,金ETF富国,黄金,,,,,,,,82.07,2026-05-04 19:51:39.326881+08:00,
518800,黄金ETF国泰,黄金,,,,,,,,406.02,2026-05-04 19:51:39.326881+08:00,
518850,黄金ETF华夏,黄金,,,,,,,,180.88,2026-05-04 19:51:39.326881+08:00,
518860,上海金ETF建信,黄金,,,,,,,,49.18,2026-05-04 19:51:39.326881+08:00,
518880,黄金ETF华安,黄金,,,,,,,,1138.51,2026-05-04 19:51:39.326881+08:00,
518890,上海金ETF中银,黄金,,,,,,,,40.84,2026-05-04 19:51:39.326881+08:00,
520500,恒生创新药ETF华泰柏瑞,恒生指数,,,,,,,,24.18,2026-05-04 19:51:39.326881+08:00,
520510,港股通医疗ETF华夏,医药指数,,,,,,,,1.89,2026-05-04 19:51:39.326881+08:00,
520520,恒生消费ETF华泰柏瑞,消费指数,,,,,,,,0.89,2026-05-04 19:51:39.326881+08:00,
520530,港股通科技ETF东财,科技指数,,,,,,,,2.26,2026-05-04 19:51:39.326881+08:00,
520550,港股红利低波ETF招商,红利指数,,,,,,,,12.82,2026-05-04 19:51:39.326881+08:00,
520560,香港大盘30ETF华宝,,,,,,,,,6.63,2026-05-04 19:51:39.326881+08:00,
520570,恒生科技ETF南方,科技指数,,,,,,,,29.79,2026-05-04 19:51:39.326881+08:00,
520580,新兴亚洲ETF招商,,,,,,,,,2.71,2026-05-04 19:51:39.326881+08:00,
520590,恒生科技ETF鹏华,科技指数,,,,,,,,2.41,2026-05-04 19:51:39.326881+08:00,
520600,港股通汽车ETF广发,汽车指数,,,,,,,,7.35,2026-05-04 19:51:39.326881+08:00,
520610,港股红利低波ETF银华,红利指数,,,,,,,,3.57,2026-05-04 19:51:39.326881+08:00,
520620,恒生消费ETF嘉实,消费指数,,,,,,,,3.71,2026-05-04 19:51:39.326881+08:00,
520630,港股通互联网ETF广发,港股指数,,,,,,,,3.33,2026-05-04 19:51:39.326881+08:00,
520650,港股通互联网ETF南方,港股指数,,,,,,,,9.96,2026-05-04 19:51:39.326881+08:00,
520660,港股通央企红利ETF南方,红利指数,,,,,,,,27.05,2026-05-04 19:51:39.326881+08:00,
520670,港股通科技ETF嘉实,科技指数,,,,,,,,2.31,2026-05-04 19:51:39.326881+08:00,
520680,港股通汽车ETF南方,汽车指数,,,,,,,,0.80,2026-05-04 19:51:39.326881+08:00,
520690,港股创新药ETF博时,港股指数,,,,,,,,4.39,2026-05-04 19:51:39.326881+08:00,
520700,港股通创新药ETF万家,港股指数,,,,,,,,7.67,2026-05-04 19:51:39.326881+08:00,
520720,港股汽车ETF国泰,汽车指数,,,,,,,,1.90,2026-05-04 19:51:39.326881+08:00,
520760,恒生生物科技ETF摩根,科技指数,,,,,,,,2.17,2026-05-04 19:51:39.326881+08:00,
520770,恒指港股通ETF建信,港股指数,,,,,,,,4.19,2026-05-04 19:51:39.326881+08:00,
520780,港股通汽车ETF华宝,汽车指数,,,,,,,,0.44,2026-05-04 19:51:39.326881+08:00,
520790,港股通互联网ETF兴业,港股指数,,,,,,,,2.83,2026-05-04 19:51:39.326881+08:00,
520810,港股通红利ETF易方达,红利指数,,,,,,,,2.90,2026-05-04 19:51:39.326881+08:00,
520820,恒指港股通ETF汇添富,港股指数,,,,,,,,0.73,2026-05-04 19:51:39.326881+08:00,
520830,沙特ETF华泰柏瑞,,,,,,,,,11.58,2026-05-04 19:51:39.326881+08:00,
520840,港股通恒生科技ETF华安,科技指数,,,,,,,,11.73,2026-05-04 19:51:39.326881+08:00,
520850,港股通医疗ETF易方达,医药指数,,,,,,,,1.60,2026-05-04 19:51:39.326881+08:00,
520860,港股通科技ETF富国,科技指数,,,,,,,,4.94,2026-05-04 19:51:39.326881+08:00,
520870,巴西ETF易方达,,,,,,,,,6.06,2026-05-04 19:51:39.326881+08:00,
520880,港股通创新药ETF华宝,港股指数,,,,,,,,21.28,2026-05-04 19:51:39.326881+08:00,
520890,港股通红利低波ETF华泰柏瑞,红利指数,,,,,,,,1.26,2026-05-04 19:51:39.326881+08:00,
520900,港股通红利ETF广发,红利指数,,,,,,,,18.58,2026-05-04 19:51:39.326881+08:00,
520910,港股通互联网ETF华夏,港股指数,,,,,,,,5.80,2026-05-04 19:51:39.326881+08:00,
520920,恒生科技ETF天弘,科技指数,,,,,,,,159.42,2026-05-04 19:51:39.326881+08:00,
520930,恒生生物科技ETF国泰,科技指数,,,,,,,,1.19,2026-05-04 19:51:39.326881+08:00,
520940,港股通恒生ETF华安,恒生指数,,,,,,,,0.29,2026-05-04 19:51:39.326881+08:00,
520950,港股通50ETF摩根,上证50,,,,,,,,3.82,2026-05-04 19:51:39.326881+08:00,
520960,恒指港股通ETF嘉实,港股指数,,,,,,,,0.86,2026-05-04 19:51:39.326881+08:00,
520970,港股通创新药ETF嘉实,港股指数,,,,,,,,10.41,2026-05-04 19:51:39.326881+08:00,
520980,港股通科技ETF汇添富,科技指数,,,,,,,,47.41,2026-05-04 19:51:39.326881+08:00,
520990,港股央企红利ETF景顺,红利指数,,,,,,,,52.87,2026-05-04 19:51:39.326881+08:00,
526000,港股通信息技术ETF华夏,通信指数,,,,,,,,0.56,2026-05-04 19:51:39.326881+08:00,
526010,港股通医疗ETF汇添富,医药指数,,,,,,,,1.24,2026-05-04 19:51:39.326881+08:00,
526050,N港股通信息技术ETF招商,通信指数,,,,,,,,2.20,2026-05-04 19:51:39.326881+08:00,
530000,上证50ETF天弘,上证50,,,,,,,,14.08,2026-05-04 19:51:39.326881+08:00,
530050,上证50ETF东财,上证50,,,,,,,,1.67,2026-05-04 19:51:39.326881+08:00,
530060,上证指数ETF易方达,,,,,,,,,1.31,2026-05-04 19:51:39.326881+08:00,
530080,上证180ETF天弘,,,,,,,,,0.31,2026-05-04 19:51:39.326881+08:00,
530100,上证580ETF易方达,,,,,,,,,1.90,2026-05-04 19:51:39.326881+08:00,
530180,上证180ETF易方达,,,,,,,,,0.77,2026-05-04 19:51:39.326881+08:00,
530280,上证180ETF平安,,,,,,,,,0.48,2026-05-04 19:51:39.326881+08:00,
530300,上证180ETF华泰柏瑞,,,,,,,,,0.47,2026-05-04 19:51:39.326881+08:00,
530380,上证380ETF易方达,,,,,,,,,2.36,2026-05-04 19:51:39.326881+08:00,
530530,上证580ETF华夏,,,,,,,,,2.32,2026-05-04 19:51:39.326881+08:00,
530580,上证180ETF南方,,,,,,,,,0.76,2026-05-04 19:51:39.326881+08:00,
530680,上证180ETF兴业,,,,,,,,,1.59,2026-05-04 19:51:39.326881+08:00,
530800,上证180ETF银华,,,,,,,,,0.20,2026-05-04 19:51:39.326881+08:00,
530880,红利国企ETF银河,红利指数,,,,,,,,0.49,2026-05-04 19:51:39.326881+08:00,
560000,智能电车ETF浦银,,,,,,,,,0.07,2026-05-04 19:51:39.326881+08:00,
560010,中证1000ETF广发,中证1000,,,,,,,,47.04,2026-05-04 19:51:39.326881+08:00,
560020,红利ETF汇添富,红利指数,,,,,,,,1.06,2026-05-04 19:51:39.326881+08:00,
560030,800价值ETF汇添富,,,,,,,,,0.34,2026-05-04 19:51:39.326881+08:00,
560050,中国A50ETF汇添富,上证50,,,,,,,,33.16,2026-05-04 19:51:39.326881+08:00,
560060,碳中和ETF汇添富,碳中和指数,,,,,,,,0.83,2026-05-04 19:51:39.326881+08:00,
560070,央企红利ETF汇添富,红利指数,,,,,,,,1.57,2026-05-04 19:51:39.326881+08:00,
560080,中药ETF汇添富,医药指数,,,,,,,,26.28,2026-05-04 19:51:39.326881+08:00,
560090,证券ETF汇添富,证券指数,,,,,,,,30.87,2026-05-04 19:51:39.326881+08:00,
560100,中证500增强ETF南方,中证500,,,,,,,,0.78,2026-05-04 19:51:39.326881+08:00,
560110,中证1000ETF汇添富,中证1000,,,,,,,,2.15,2026-05-04 19:51:39.326881+08:00,
560120,中证500现金流ETF华夏,中证500,,,,,,,,10.68,2026-05-04 19:51:39.326881+08:00,
560130,食品ETF鹏华,,,,,,,,,0.84,2026-05-04 19:51:39.326881+08:00,
560150,红利低波ETF泰康,红利指数,,,,,,,,7.84,2026-05-04 19:51:39.326881+08:00,
560160,食品ETF易方达,,,,,,,,,1.28,2026-05-04 19:51:39.326881+08:00,
560170,央企科技ETF南方,科技指数,,,,,,,,3.69,2026-05-04 19:51:39.326881+08:00,
560180,沪深300ESGETF南方,沪深300,,,,,,,,0.16,2026-05-04 19:51:39.326881+08:00,
560190,公用事业ETF鹏华,公用事业指数,,,,,,,,0.23,2026-05-04 19:51:39.326881+08:00,
560210,农牧渔ETF景顺,,,,,,,,,6.29,2026-05-04 19:51:39.326881+08:00,
560220,中证2000ETF广发,中证2000,,,,,,,,0.72,2026-05-04 19:51:39.326881+08:00,
560230,光伏ETF富国,光伏指数,,,,,,,,0.82,2026-05-04 19:51:39.326881+08:00,
560260,医疗ETF广发,医药指数,,,,,,,,15.51,2026-05-04 19:51:39.326881+08:00,
560270,电力ETF工银,电力指数,,,,,,,,1.84,2026-05-04 19:51:39.326881+08:00,
560280,工程机械ETF广发,,,,,,,,,36.71,2026-05-04 19:51:39.326881+08:00,
560290,有色ETF景顺,有色指数,,,,,,,,2.40,2026-05-04 19:51:39.326881+08:00,
560300,电信ETF汇添富,,,,,,,,,0.59,2026-05-04 19:51:39.326881+08:00,
560310,光伏ETF博时,光伏指数,,,,,,,,2.01,2026-05-04 19:51:39.326881+08:00,
560330,沪深300价值ETF申万菱信,沪深300,,,,,,,,0.22,2026-05-04 19:51:39.326881+08:00,
560350,中证A50ETF摩根,上证50,,,,,,,,14.03,2026-05-04 19:51:39.326881+08:00,
560360,软件ETF万家,,,,,,,,,2.85,2026-05-04 19:51:39.326881+08:00,
560370,红利质量ETF易方达,红利指数,,,,,,,,1.08,2026-05-04 19:51:39.326881+08:00,
560380,A100ETF南方,,,,,,,,,1.94,2026-05-04 19:51:39.326881+08:00,
560390,电网设备ETF易方达,,,,,,,,,15.60,2026-05-04 19:51:39.326881+08:00,
560400,证券ETF华泰柏瑞,证券指数,,,,,,,,2.36,2026-05-04 19:51:39.326881+08:00,
560410,电池ETF鹏华,,,,,,,,,1.17,2026-05-04 19:51:39.326881+08:00,
560450,N电力ETF天弘,电力指数,,,,,,,,4.51,2026-05-04 19:51:39.326881+08:00,
560470,N有色ETF易方达,有色指数,,,,,,,,2.05,2026-05-04 19:51:39.326881+08:00,
560500,500质量成长ETF鹏扬,,,,,,,,,3.87,2026-05-04 19:51:39.326881+08:00,
560510,中证A500ETF泰康,中证500,,,,,,,,32.20,2026-05-04 19:51:39.326881+08:00,
560520,红利低波100ETF大成,红利指数,,,,,,,,0.12,2026-05-04 19:51:39.326881+08:00,
560530,中证A500ETF摩根,中证500,,,,,,,,33.53,2026-05-04 19:51:39.326881+08:00,
560550,碳中和ETF广发,碳中和指数,,,,,,,,1.50,2026-05-04 19:51:39.326881+08:00,
560560,碳中和ETF泰康,碳中和指数,,,,,,,,0.63,2026-05-04 19:51:39.326881+08:00,
560570,A500红利ETF国联安,红利指数,,,,,,,,14.33,2026-05-04 19:51:39.326881+08:00,
560580,电力ETF南方,电力指数,,,,,,,,3.01,2026-05-04 19:51:39.326881+08:00,
560590,中证1000增强ETF鹏华,中证1000,,,,,,,,0.36,2026-05-04 19:51:39.326881+08:00,
560610,A500ETF招商,中证500,,,,,,,,53.25,2026-05-04 19:51:39.326881+08:00,
560620,公用事业ETF万家,公用事业指数,,,,,,,,0.33,2026-05-04 19:51:39.326881+08:00,
560630,机器人ETF万家,机器人指数,,,,,,,,1.86,2026-05-04 19:51:39.326881+08:00,
560650,核心50ETF民生加银,上证50,,,,,,,,0.08,2026-05-04 19:51:39.326881+08:00,
560660,云计算50ETF新华,上证50,,,,,,,,1.48,2026-05-04 19:51:39.326881+08:00,
560680,消费ETF广发,消费指数,,,,,,,,2.51,2026-05-04 19:51:39.326881+08:00,
560690,电信ETF鹏华,,,,,,,,,0.41,2026-05-04 19:51:39.326881+08:00,
560700,央企红利ETF广发,红利指数,,,,,,,,4.32,2026-05-04 19:51:39.326881+08:00,
560710,船舶ETF富国,,,,,,,,,14.18,2026-05-04 19:51:39.326881+08:00,
560750,A500ETF申万菱信,中证500,,,,,,,,1.50,2026-05-04 19:51:39.326881+08:00,
560770,机器人ETF招商,机器人指数,,,,,,,,20.07,2026-05-04 19:51:39.326881+08:00,
560780,半导体设备ETF广发,半导体指数,,,,,,,,37.53,2026-05-04 19:51:39.326881+08:00,
560800,数字经济ETF鹏扬,,,,,,,,,4.68,2026-05-04 19:51:39.326881+08:00,
560810,央企ESGETF融通,ESG指数,,,,,,,,2.87,2026-05-04 19:51:39.326881+08:00,
560820,中证A50ETF新华,上证50,,,,,,,,0.51,2026-05-04 19:51:39.326881+08:00,
560850,信创ETF汇添富,,,,,,,,,1.32,2026-05-04 19:51:39.326881+08:00,
560860,工业有色ETF万家,有色指数,,,,,,,,95.04,2026-05-04 19:51:39.326881+08:00,
560880,家电ETF广发,消费指数,,,,,,,,4.88,2026-05-04 19:51:39.326881+08:00,
560900,创新药ETF摩根,,,,,,,,,1.61,2026-05-04 19:51:39.326881+08:00,
560950,中证500增强ETF汇添富,中证500,,,,,,,,0.16,2026-05-04 19:51:39.326881+08:00,
560980,光伏龙头ETF广发,光伏指数,,,,,,,,3.89,2026-05-04 19:51:39.326881+08:00,
560990,科技先锋ETF中金,科技指数,,,,,,,,0.22,2026-05-04 19:51:39.326881+08:00,
561000,沪深300增强ETF华安,沪深300,,,,,,,,0.70,2026-05-04 19:51:39.326881+08:00,
561010,软件ETF华安,,,,,,,,,2.22,2026-05-04 19:51:39.326881+08:00,
561060,国企红利ETF华安,红利指数,,,,,,,,0.66,2026-05-04 19:51:39.326881+08:00,
561080,全指现金流ETF华安,黄金,,,,,,,,0.47,2026-05-04 19:51:39.326881+08:00,
561090,A500增强ETF华安,,,,,,,,,2.52,2026-05-04 19:51:39.326881+08:00,
561100,消费电子ETF富国,消费指数,,,,,,,,6.82,2026-05-04 19:51:39.326881+08:00,
561120,家电ETF富国,消费指数,,,,,,,,0.64,2026-05-04 19:51:39.326881+08:00,
561130,国货ETF富国,,,,,,,,,1.18,2026-05-04 19:51:39.326881+08:00,
561160,电池ETF富国,,,,,,,,,22.06,2026-05-04 19:51:39.326881+08:00,
561170,绿色电力ETF富国,电力指数,,,,,,,,3.74,2026-05-04 19:51:39.326881+08:00,
561180,A100ETF富国,,,,,,,,,0.71,2026-05-04 19:51:39.326881+08:00,
561190,碳中和ETF富国,碳中和指数,,,,,,,,2.48,2026-05-04 19:51:39.326881+08:00,
561200,中证A100ETF工银,,,,,,,,,0.54,2026-05-04 19:51:39.326881+08:00,
561220,数字经济ETF工银,,,,,,,,,0.65,2026-05-04 19:51:39.326881+08:00,
561230,中证A50ETF工银,上证50,,,,,,,,7.32,2026-05-04 19:51:39.326881+08:00,
561260,能源ETF工银,能源指数,,,,,,,,0.41,2026-05-04 19:51:39.326881+08:00,
561280,中证1000增强ETF工银,中证1000,,,,,,,,1.70,2026-05-04 19:51:39.326881+08:00,
561300,沪深300增强ETF国泰,沪深300,,,,,,,,5.60,2026-05-04 19:51:39.326881+08:00,
561310,消电ETF国泰,,,,,,,,,0.55,2026-05-04 19:51:39.326881+08:00,
561320,交运ETF国泰,,,,,,,,,0.60,2026-05-04 19:51:39.326881+08:00,
561330,矿业ETF国泰,,,,,,,,,24.83,2026-05-04 19:51:39.326881+08:00,
561350,中证500ETF国泰,中证500,,,,,,,,1.05,2026-05-04 19:51:39.326881+08:00,
561360,石油ETF国泰,能源指数,,,,,,,,32.29,2026-05-04 19:51:39.326881+08:00,
561370,中证2000ETF国泰,中证2000,,,,,,,,0.35,2026-05-04 19:51:39.326881+08:00,
561380,电网设备ETF国泰,,,,,,,,,69.70,2026-05-04 19:51:39.326881+08:00,
561500,漂亮50ETF华泰柏瑞,上证50,,,,,,,,0.54,2026-05-04 19:51:39.326881+08:00,
561510,中药ETF华泰柏瑞,医药指数,,,,,,,,0.61,2026-05-04 19:51:39.326881+08:00,
561550,中证500增强ETF华泰柏瑞,中证500,,,,,,,,15.99,2026-05-04 19:51:39.326881+08:00,
561560,电力ETF华泰柏瑞,电力指数,,,,,,,,30.37,2026-05-04 19:51:39.326881+08:00,
561570,油气ETF华泰柏瑞,,,,,,,,,1.67,2026-05-04 19:51:39.326881+08:00,
561580,央企红利ETF华泰柏瑞,红利指数,,,,,,,,20.05,2026-05-04 19:51:39.326881+08:00,
561590,中证1000增强ETF华泰柏瑞,中证1000,,,,,,,,0.58,2026-05-04 19:51:39.326881+08:00,
561600,消费电子ETF平安,消费指数,,,,,,,,2.12,2026-05-04 19:51:39.326881+08:00,
561660,通用航空ETF平安,,,,,,,,,0.80,2026-05-04 19:51:39.326881+08:00,
561680,A500红利低波ETF平安,红利指数,,,,,,,,0.75,2026-05-04 19:51:39.326881+08:00,
561700,电力ETF博时,电力指数,,,,,,,,3.33,2026-05-04 19:51:39.326881+08:00,
561750,A50ETF博时,上证50,,,,,,,,0.89,2026-05-04 19:51:39.326881+08:00,
561760,油气ETF博时,,,,,,,,,3.95,2026-05-04 19:51:39.326881+08:00,
561770,A100ETF博时,,,,,,,,,0.57,2026-05-04 19:51:39.326881+08:00,
561780,1000增强ETF博时,,,,,,,,,0.19,2026-05-04 19:51:39.326881+08:00,
561790,央企能源ETF博时,能源指数,,,,,,,,0.84,2026-05-04 19:51:39.326881+08:00,
561800,稀有金属ETF华富,黄金,,,,,,,,2.57,2026-05-04 19:51:39.326881+08:00,
561870,现金流全指ETF华富,黄金,,,,,,,,2.08,2026-05-04 19:51:39.326881+08:00,
561880,A100ETF华富,,,,,,,,,1.18,2026-05-04 19:51:39.326881+08:00,
561900,沪深300ESGETF招商,沪深300,,,,,,,,0.33,2026-05-04 19:51:39.326881+08:00,
561910,电池ETF招商,,,,,,,,,45.73,2026-05-04 19:51:39.326881+08:00,
561920,疫苗ETF招商,医药指数,,,,,,,,0.30,2026-05-04 19:51:39.326881+08:00,
561930,沪深300ETF招商,沪深300,,,,,,,,1.94,2026-05-04 19:51:39.326881+08:00,
561950,中证500增强ETF招商,中证500,,,,,,,,1.58,2026-05-04 19:51:39.326881+08:00,
561960,央企回报ETF招商,央企指数,,,,,,,,0.73,2026-05-04 19:51:39.326881+08:00,
561980,半导体设备ETF招商,半导体指数,,,,,,,,35.97,2026-05-04 19:51:39.326881+08:00,
561990,沪深300增强ETF招商,沪深300,,,,,,,,4.29,2026-05-04 19:51:39.326881+08:00,
562000,A100ETF华宝,,,,,,,,,4.52,2026-05-04 19:51:39.326881+08:00,
562010,绿色能源ETF华宝,能源指数,,,,,,,,0.27,2026-05-04 19:51:39.326881+08:00,
562030,信创ETF华宝,,,,,,,,,0.92,2026-05-04 19:51:39.326881+08:00,
562050,药ETF华宝,,,,,,,,,0.98,2026-05-04 19:51:39.326881+08:00,
562060,标普A股红利ETF华宝,标普500,,,,,,,,46.52,2026-05-04 19:51:39.326881+08:00,
562070,沪深300指增ETF华宝,沪深300,,,,,,,,5.01,2026-05-04 19:51:39.326881+08:00,
562080,300现金流ETF华宝,黄金,,,,,,,,5.37,2026-05-04 19:51:39.326881+08:00,
562300,碳中和ETF银华,碳中和指数,,,,,,,,0.54,2026-05-04 19:51:39.326881+08:00,
562310,沪深300成长ETF银华,沪深300,,,,,,,,6.51,2026-05-04 19:51:39.326881+08:00,
562320,沪深300价值ETF银华,沪深300,,,,,,,,1.02,2026-05-04 19:51:39.326881+08:00,
562330,中证500价值ETF银华,中证500,,,,,,,,0.16,2026-05-04 19:51:39.326881+08:00,
562340,中证500成长ETF银华,中证500,,,,,,,,0.11,2026-05-04 19:51:39.326881+08:00,
562350,电力ETF银华,电力指数,,,,,,,,0.92,2026-05-04 19:51:39.326881+08:00,
562360,机器人ETF银华,机器人指数,,,,,,,,3.64,2026-05-04 19:51:39.326881+08:00,
562380,央企科技ETF银华,科技指数,,,,,,,,0.99,2026-05-04 19:51:39.326881+08:00,
562390,中药ETF银华,医药指数,,,,,,,,0.78,2026-05-04 19:51:39.326881+08:00,
562500,机器人ETF华夏,机器人指数,,,,,,,,210.65,2026-05-04 19:51:39.326881+08:00,
562510,旅游ETF华夏,,,,,,,,,6.37,2026-05-04 19:51:39.326881+08:00,
562520,中证1000成长ETF华夏,中证1000,,,,,,,,0.65,2026-05-04 19:51:39.326881+08:00,
562530,中证1000价值ETF华夏,中证1000,,,,,,,,0.51,2026-05-04 19:51:39.326881+08:00,
562550,绿电ETF华夏,,,,,,,,,12.52,2026-05-04 19:51:39.326881+08:00,
562560,信息技术ETF华夏,,,,,,,,,0.52,2026-05-04 19:51:39.326881+08:00,
562570,信创ETF华夏,,,,,,,,,5.64,2026-05-04 19:51:39.326881+08:00,
562580,可选消费ETF华夏,消费指数,,,,,,,,0.38,2026-05-04 19:51:39.326881+08:00,
562590,半导体设备ETF华夏,半导体指数,,,,,,,,28.90,2026-05-04 19:51:39.326881+08:00,
562600,医疗器械ETF华夏,医药指数,,,,,,,,4.41,2026-05-04 19:51:39.326881+08:00,
562660,中证2000ETF华夏,中证2000,,,,,,,,4.62,2026-05-04 19:51:39.326881+08:00,
562700,汽车零部件ETF华夏,汽车指数,,,,,,,,1.86,2026-05-04 19:51:39.326881+08:00,
562800,稀有金属ETF嘉实,黄金,,,,,,,,79.69,2026-05-04 19:51:39.326881+08:00,
562810,上证指数增强ETF嘉实,,,,,,,,,0.39,2026-05-04 19:51:39.326881+08:00,
562820,集成电路ETF嘉实,,,,,,,,,1.78,2026-05-04 19:51:39.326881+08:00,
562850,央企能源ETF嘉实,能源指数,,,,,,,,4.21,2026-05-04 19:51:39.326881+08:00,
562860,疫苗ETF嘉实,医药指数,,,,,,,,2.18,2026-05-04 19:51:39.326881+08:00,
562870,证券ETF嘉实,证券指数,,,,,,,,4.20,2026-05-04 19:51:39.326881+08:00,
562880,电池ETF嘉实,,,,,,,,,10.00,2026-05-04 19:51:39.326881+08:00,
562890,A50ETF嘉实,上证50,,,,,,,,3.83,2026-05-04 19:51:39.326881+08:00,
562900,农业ETF易方达,,,,,,,,,1.60,2026-05-04 19:51:39.326881+08:00,
562910,高端制造ETF易方达,,,,,,,,,2.03,2026-05-04 19:51:39.326881+08:00,
562920,信息安全ETF易方达,,,,,,,,,0.88,2026-05-04 19:51:39.326881+08:00,
562930,软件ETF易方达,,,,,,,,,8.78,2026-05-04 19:51:39.326881+08:00,
562950,消费电子ETF易方达,消费指数,,,,,,,,8.38,2026-05-04 19:51:39.326881+08:00,
562960,绿色电力ETF易方达,电力指数,,,,,,,,11.50,2026-05-04 19:51:39.326881+08:00,
562970,光伏ETF易方达,光伏指数,,,,,,,,6.18,2026-05-04 19:51:39.326881+08:00,
562990,碳中和ETF易方达,碳中和指数,,,,,,,,4.70,2026-05-04 19:51:39.326881+08:00,
563000,中国A50ETF易方达,上证50,,,,,,,,21.25,2026-05-04 19:51:39.326881+08:00,
563010,电信ETF易方达,,,,,,,,,1.83,2026-05-04 19:51:39.326881+08:00,
563020,红利低波ETF易方达,红利指数,,,,,,,,86.33,2026-05-04 19:51:39.326881+08:00,
563030,中证500增强ETF易方达,中证500,,,,,,,,1.57,2026-05-04 19:51:39.326881+08:00,
563050,央企科技ETF易方达,科技指数,,,,,,,,1.46,2026-05-04 19:51:39.326881+08:00,
563060,央企50ETF易方达,上证50,,,,,,,,2.54,2026-05-04 19:51:39.326881+08:00,
563080,中证A50ETF易方达,上证50,,,,,,,,16.80,2026-05-04 19:51:39.326881+08:00,
563090,上证50增强ETF易方达,上证50,,,,,,,,0.60,2026-05-04 19:51:39.326881+08:00,
563150,油气ETF银华,,,,,,,,,0.92,2026-05-04 19:51:39.326881+08:00,
563180,高股息ETF银华,,,,,,,,,1.38,2026-05-04 19:51:39.326881+08:00,
563200,中证2000ETF富国,中证2000,,,,,,,,0.33,2026-05-04 19:51:39.326881+08:00,
563210,专精特新ETF富国,,,,,,,,,1.51,2026-05-04 19:51:39.326881+08:00,
563220,A500ETF富国,中证500,,,,,,,,86.46,2026-05-04 19:51:39.326881+08:00,
563230,卫星ETF富国,,,,,,,,,54.15,2026-05-04 19:51:39.326881+08:00,
563280,A50增强ETF富国,,,,,,,,,0.10,2026-05-04 19:51:39.326881+08:00,
563300,中证2000ETF华泰柏瑞,中证2000,,,,,,,,41.63,2026-05-04 19:51:39.326881+08:00,
563320,通用航空ETF华泰柏瑞,,,,,,,,,2.16,2026-05-04 19:51:39.326881+08:00,
563330,A股ETF华泰柏瑞,,,,,,,,,1.43,2026-05-04 19:51:39.326881+08:00,
563350,A50ETF华泰柏瑞,上证50,,,,,,,,2.88,2026-05-04 19:51:39.326881+08:00,
563360,A500ETF华泰柏瑞,中证500,,,,,,,,354.34,2026-05-04 19:51:39.326881+08:00,
563380,航空航天ETF华泰柏瑞,,,,,,,,,8.61,2026-05-04 19:51:39.326881+08:00,
563390,全指现金流ETF华泰柏瑞,黄金,,,,,,,,38.24,2026-05-04 19:51:39.326881+08:00,
563500,A500ETF华宝,中证500,,,,,,,,4.02,2026-05-04 19:51:39.326881+08:00,
563510,A500红利低波ETF易方达,红利指数,,,,,,,,2.57,2026-05-04 19:51:39.326881+08:00,
563520,沪深300ETF永赢,沪深300,,,,,,,,4.60,2026-05-04 19:51:39.326881+08:00,
563530,卫星ETF易方达,,,,,,,,,16.42,2026-05-04 19:51:39.326881+08:00,
563550,A500增强ETF摩根,,,,,,,,,1.00,2026-05-04 19:51:39.326881+08:00,
563560,科技成长ETF兴业,科技指数,,,,,,,,1.30,2026-05-04 19:51:39.326881+08:00,
563570,金融科技ETF兴业,科技指数,,,,,,,,0.97,2026-05-04 19:51:39.326881+08:00,
563580,自由现金流800ETF万家,黄金,,,,,,,,4.40,2026-05-04 19:51:39.326881+08:00,
563590,A500红利低波动ETF国寿,红利指数,,,,,,,,0.86,2026-05-04 19:51:39.326881+08:00,
563600,A500增强ETF易方达,,,,,,,,,0.51,2026-05-04 19:51:39.326881+08:00,
563620,全指现金流ETF兴业,黄金,,,,,,,,0.78,2026-05-04 19:51:39.326881+08:00,
563630,A500增强ETF国联安,,,,,,,,,0.47,2026-05-04 19:51:39.326881+08:00,
563650,中证A500ETF兴业,中证500,,,,,,,,1.24,2026-05-04 19:51:39.326881+08:00,
563660,A500ETF银河,中证500,,,,,,,,0.95,2026-05-04 19:51:39.326881+08:00,
563670,金融科技ETF鹏华,科技指数,,,,,,,,1.53,2026-05-04 19:51:39.326881+08:00,
563680,800现金流ETF汇添富,黄金,,,,,,,,1.96,2026-05-04 19:51:39.326881+08:00,
563690,红利低波ETF永赢,红利指数,,,,,,,,0.44,2026-05-04 19:51:39.326881+08:00,
563700,红利价值ETF易方达,红利指数,,,,,,,,4.26,2026-05-04 19:51:39.326881+08:00,
563750,中证500ETF汇添富,中证500,,,,,,,,4.51,2026-05-04 19:51:39.326881+08:00,
563760,全指现金流ETF中银,黄金,,,,,,,,12.44,2026-05-04 19:51:39.326881+08:00,
563770,全指现金流ETF招商,黄金,,,,,,,,0.40,2026-05-04 19:51:39.326881+08:00,
563780,现金流全指ETF方正富邦,黄金,,,,,,,,5.88,2026-05-04 19:51:39.326881+08:00,
563790,卫星ETF鹏华,,,,,,,,,10.84,2026-05-04 19:51:39.326881+08:00,
563800,A500ETF广发,中证500,,,,,,,,111.33,2026-05-04 19:51:39.326881+08:00,
563830,全指现金流ETF博时,黄金,,,,,,,,2.09,2026-05-04 19:51:39.326881+08:00,
563850,食品ETF广发,,,,,,,,,0.68,2026-05-04 19:51:39.326881+08:00,
563860,中证A500ETF海富通,中证500,,,,,,,,2.69,2026-05-04 19:51:39.326881+08:00,
563870,通用航空ETF鹏华,,,,,,,,,0.96,2026-05-04 19:51:39.326881+08:00,
563880,A500ETF汇添富,中证500,,,,,,,,15.17,2026-05-04 19:51:39.326881+08:00,
563890,国企红利ETF创金合信,红利指数,,,,,,,,0.30,2026-05-04 19:51:39.326881+08:00,
563900,300自由现金流ETF摩根,黄金,,,,,,,,6.71,2026-05-04 19:51:39.326881+08:00,
563930,上证增强ETF招商,,,,,,,,,0.39,2026-05-04 19:51:39.326881+08:00,
563960,300质量ETF兴全,,,,,,,,,2.83,2026-05-04 19:51:39.326881+08:00,
563980,800红利低波ETF鑫元,红利指数,,,,,,,,2.15,2026-05-04 19:51:39.326881+08:00,
563990,800现金流ETF富国,黄金,,,,,,,,7.30,2026-05-04 19:51:39.326881+08:00,
588000,科创50ETF华夏,科创50,,,,,,,,741.96,2026-05-04 19:51:39.326881+08:00,
588010,科创新材料ETF博时,科创板,,,,,,,,2.10,2026-05-04 19:51:39.326881+08:00,
588020,科创成长ETF易方达,科创板,,,,,,,,10.70,2026-05-04 19:51:39.326881+08:00,
588030,科创100ETF博时,科创板,,,,,,,,59.54,2026-05-04 19:51:39.326881+08:00,
588040,科创50ETF鹏华,科创50,,,,,,,,1.05,2026-05-04 19:51:39.326881+08:00,
588050,科创50ETF工银,科创50,,,,,,,,98.55,2026-05-04 19:51:39.326881+08:00,
588060,科创50ETF广发,科创50,,,,,,,,75.52,2026-05-04 19:51:39.326881+08:00,
588070,科创成长ETF万家,科创板,,,,,,,,0.64,2026-05-04 19:51:39.326881+08:00,
588080,科创50ETF易方达,科创50,,,,,,,,405.62,2026-05-04 19:51:39.326881+08:00,
588090,科创50ETF华泰柏瑞,科创50,,,,,,,,47.00,2026-05-04 19:51:39.326881+08:00,
588100,科创信息ETF嘉实,科创板,,,,,,,,2.02,2026-05-04 19:51:39.326881+08:00,
588110,科创成长ETF广发,科创板,,,,,,,,3.90,2026-05-04 19:51:39.326881+08:00,
588120,科创100ETF国泰,科创板,,,,,,,,11.47,2026-05-04 19:51:39.326881+08:00,
588130,科创医药ETF华夏,医药指数,,,,,,,,0.76,2026-05-04 19:51:39.326881+08:00,
588140,科创200ETF广发,科创板,,,,,,,,3.74,2026-05-04 19:51:39.326881+08:00,
588150,科创50ETF南方,科创50,,,,,,,,5.41,2026-05-04 19:51:39.326881+08:00,
588160,科创新材料ETF南方,科创板,,,,,,,,1.71,2026-05-04 19:51:39.326881+08:00,
588170,科创半导体ETF华夏,半导体指数,,,,,,,,86.97,2026-05-04 19:51:39.326881+08:00,
588180,科创50ETF国联安,科创50,,,,,,,,13.33,2026-05-04 19:51:39.326881+08:00,
588190,科创100ETF银华,科创板,,,,,,,,34.65,2026-05-04 19:51:39.326881+08:00,
588200,科创芯片ETF嘉实,芯片指数,,,,,,,,444.98,2026-05-04 19:51:39.326881+08:00,
588210,科创100ETF易方达,科创板,,,,,,,,4.53,2026-05-04 19:51:39.326881+08:00,
588220,科创100ETF鹏华,科创板,,,,,,,,89.09,2026-05-04 19:51:39.326881+08:00,
588230,科创200ETF华泰柏瑞,科创板,,,,,,,,14.42,2026-05-04 19:51:39.326881+08:00,
588240,科创200ETF鹏华,科创板,,,,,,,,2.61,2026-05-04 19:51:39.326881+08:00,
588250,科创医药ETF鹏华,医药指数,,,,,,,,2.52,2026-05-04 19:51:39.326881+08:00,
588260,科创信息ETF华安,科创板,,,,,,,,1.23,2026-05-04 19:51:39.326881+08:00,
588270,科创200ETF易方达,科创板,,,,,,,,6.67,2026-05-04 19:51:39.326881+08:00,
588280,科创50ETF华安,科创50,,,,,,,,3.86,2026-05-04 19:51:39.326881+08:00,
588290,科创芯片ETF华安,芯片指数,,,,,,,,41.00,2026-05-04 19:51:39.326881+08:00,
588300,科创创业50ETF招商,上证50,,,,,,,,15.58,2026-05-04 19:51:39.326881+08:00,
588310,科创创业ETF方正富邦,创业板指,,,,,,,,0.40,2026-05-04 19:51:39.326881+08:00,
588320,双创50增强ETF广发,,,,,,,,,0.47,2026-05-04 19:51:39.326881+08:00,
588330,双创50ETF华宝,上证50,,,,,,,,9.78,2026-05-04 19:51:39.326881+08:00,
588350,科创创业50ETF鹏扬,上证50,,,,,,,,13.49,2026-05-04 19:51:39.326881+08:00,
588360,科创创业ETF国泰,创业板指,,,,,,,,2.73,2026-05-04 19:51:39.326881+08:00,
588370,科创50增强ETF南方,科创50,,,,,,,,1.06,2026-05-04 19:51:39.326881+08:00,
588380,科创创业ETF富国,创业板指,,,,,,,,25.13,2026-05-04 19:51:39.326881+08:00,
588390,科创创业ETF博时,创业板指,,,,,,,,1.94,2026-05-04 19:51:39.326881+08:00,
588400,科创创业ETF嘉实,创业板指,,,,,,,,14.81,2026-05-04 19:51:39.326881+08:00,
588410,科创创业人工智能ETF鹏华,人工智能指数,,,,,,,,1.42,2026-05-04 19:51:39.326881+08:00,
588420,科创创业人工智能ETF摩根,人工智能指数,,,,,,,,2.51,2026-05-04 19:51:39.326881+08:00,
588430,科创创业人工智能ETF工银,人工智能指数,,,,,,,,1.68,2026-05-04 19:51:39.326881+08:00,
588450,科创50增强ETF招商,科创50,,,,,,,,1.19,2026-05-04 19:51:39.326881+08:00,
588460,科创50增强ETF鹏华,科创50,,,,,,,,14.81,2026-05-04 19:51:39.326881+08:00,
588500,科创100增强ETF易方达,科创板,,,,,,,,1.07,2026-05-04 19:51:39.326881+08:00,
588520,科创增强ETF永赢,科创板,,,,,,,,0.25,2026-05-04 19:51:39.326881+08:00,
588550,科创综指增强ETF易方达,科创板,,,,,,,,0.89,2026-05-04 19:51:39.326881+08:00,
588660,科创创业50ETF兴银,上证50,,,,,,,,0.69,2026-05-04 19:51:39.326881+08:00,
588670,科创综指增强ETF嘉实,科创板,,,,,,,,0.78,2026-05-04 19:51:39.326881+08:00,
588680,科创100增强ETF广发,科创板,,,,,,,,1.13,2026-05-04 19:51:39.326881+08:00,
588690,科创增强ETF银华,科创板,,,,,,,,0.94,2026-05-04 19:51:39.326881+08:00,
588700,科创医药ETF嘉实,医药指数,,,,,,,,3.00,2026-05-04 19:51:39.326881+08:00,
588710,科创半导体设备ETF华泰柏瑞,半导体指数,,,,,,,,15.45,2026-05-04 19:51:39.326881+08:00,
588720,科创50ETF中银,科创50,,,,,,,,1.89,2026-05-04 19:51:39.326881+08:00,
588730,科创人工智能ETF易方达,人工智能指数,,,,,,,,15.71,2026-05-04 19:51:39.326881+08:00,
588750,科创芯片ETF汇添富,芯片指数,,,,,,,,53.24,2026-05-04 19:51:39.326881+08:00,
588760,科创人工智能ETF广发,人工智能指数,,,,,,,,25.69,2026-05-04 19:51:39.326881+08:00,
588770,科创信息ETF摩根,科创板,,,,,,,,11.22,2026-05-04 19:51:39.326881+08:00,
588780,科创芯片设计ETF国联安,芯片指数,,,,,,,,9.39,2026-05-04 19:51:39.326881+08:00,
588790,科创AIETF博时,人工智能指数,,,,,,,,44.54,2026-05-04 19:51:39.326881+08:00,
588800,科创100ETF华夏,科创板,,,,,,,,29.06,2026-05-04 19:51:39.326881+08:00,
588810,科创芯片ETF富国,芯片指数,,,,,,,,5.67,2026-05-04 19:51:39.326881+08:00,
588820,科创200ETF华夏,科创板,,,,,,,,4.00,2026-05-04 19:51:39.326881+08:00,
588830,科创新能源ETF鹏华,新能源指数,,,,,,,,13.78,2026-05-04 19:51:39.326881+08:00,
588840,科创50ETF万家,科创50,,,,,,,,0.59,2026-05-04 19:51:39.326881+08:00,
588850,科创机械ETF嘉实,科创板,,,,,,,,0.61,2026-05-04 19:51:39.326881+08:00,
588860,科创医药ETF工银,医药指数,,,,,,,,2.64,2026-05-04 19:51:39.326881+08:00,
588870,科创50ETF汇添富,科创50,,,,,,,,4.87,2026-05-04 19:51:39.326881+08:00,
588880,科创100ETF华泰柏瑞,科创板,,,,,,,,1.87,2026-05-04 19:51:39.326881+08:00,
588890,科创芯片ETF南方,芯片指数,,,,,,,,21.48,2026-05-04 19:51:39.326881+08:00,
588900,科创100ETF南方,科创板,,,,,,,,7.05,2026-05-04 19:51:39.326881+08:00,
588910,科创价值ETF建信,科创板,,,,,,,,1.88,2026-05-04 19:51:39.326881+08:00,
588920,科创芯片ETF鹏华,芯片指数,,,,,,,,2.69,2026-05-04 19:51:39.326881+08:00,
588930,科创人工智能ETF银华,人工智能指数,,,,,,,,13.44,2026-05-04 19:51:39.326881+08:00,
588940,科创50ETF富国,科创50,,,,,,,,5.76,2026-05-04 19:51:39.326881+08:00,
588950,科创50ETF景顺,科创50,,,,,,,,3.23,2026-05-04 19:51:39.326881+08:00,
588960,科创新能源ETF富国,新能源指数,,,,,,,,3.64,2026-05-04 19:51:39.326881+08:00,
588980,科创100ETF广发,科创板,,,,,,,,0.26,2026-05-04 19:51:39.326881+08:00,
588990,科创芯片ETF博时,芯片指数,,,,,,,,5.52,2026-05-04 19:51:39.326881+08:00,
589000,科创综指ETF华夏,科创板,,,,,,,,14.26,2026-05-04 19:51:39.326881+08:00,
589010,科创人工智能ETF华夏,人工智能指数,,,,,,,,23.66,2026-05-04 19:51:39.326881+08:00,
589020,科创半导体设备ETF鹏华,半导体指数,,,,,,,,5.22,2026-05-04 19:51:39.326881+08:00,
589030,科创芯片设计ETF易方达,芯片指数,,,,,,,,3.61,2026-05-04 19:51:39.326881+08:00,
589050,科创综指ETF兴业,科创板,,,,,,,,0.86,2026-05-04 19:51:39.326881+08:00,
589060,科创综指ETF东财,科创板,,,,,,,,1.42,2026-05-04 19:51:39.326881+08:00,
589070,科创芯片设计ETF天弘,芯片指数,,,,,,,,4.55,2026-05-04 19:51:39.326881+08:00,
589080,科创综指ETF汇添富,科创板,,,,,,,,2.52,2026-05-04 19:51:39.326881+08:00,
589090,科创AIETF鹏华,人工智能指数,,,,,,,,2.70,2026-05-04 19:51:39.326881+08:00,
589100,科创芯片ETF国泰,芯片指数,,,,,,,,5.93,2026-05-04 19:51:39.326881+08:00,
589110,科创人工智能ETF国泰,人工智能指数,,,,,,,,7.80,2026-05-04 19:51:39.326881+08:00,
589120,科创创新药ETF汇添富,科创板,,,,,,,,4.88,2026-05-04 19:51:39.326881+08:00,
589130,科创芯片ETF易方达,芯片指数,,,,,,,,25.69,2026-05-04 19:51:39.326881+08:00,
589150,科创50ETF平安,科创50,,,,,,,,0.80,2026-05-04 19:51:39.326881+08:00,
589160,科创芯片ETF广发,芯片指数,,,,,,,,3.29,2026-05-04 19:51:39.326881+08:00,
589170,科创芯片设计ETF鹏华,芯片指数,,,,,,,,1.99,2026-05-04 19:51:39.326881+08:00,
589180,科创新材料ETF汇添富,科创板,,,,,,,,0.19,2026-05-04 19:51:39.326881+08:00,
589190,科创芯片ETF华宝,芯片指数,,,,,,,,11.54,2026-05-04 19:51:39.326881+08:00,
589200,科创200ETF工银,科创板,,,,,,,,0.46,2026-05-04 19:51:39.326881+08:00,
589210,科创芯片设计ETF广发,芯片指数,,,,,,,,0.68,2026-05-04 19:51:39.326881+08:00,
589220,科创200ETF国泰,科创板,,,,,,,,6.25,2026-05-04 19:51:39.326881+08:00,
589230,科创人工智能ETF南方,人工智能指数,,,,,,,,4.96,2026-05-04 19:51:39.326881+08:00,
589250,科创芯片设计ETF浦银,芯片指数,,,,,,,,1.38,2026-05-04 19:51:39.326881+08:00,
589260,科创芯片设计ETF国泰,芯片指数,,,,,,,,0.71,2026-05-04 19:51:39.326881+08:00,
589270,科创100ETF前海开源,科创板,,,,,,,,1.05,2026-05-04 19:51:39.326881+08:00,
589300,科创综指ETF嘉实,科创板,,,,,,,,0.91,2026-05-04 19:51:39.326881+08:00,
589380,科创AIETF富国,人工智能指数,,,,,,,,2.05,2026-05-04 19:51:39.326881+08:00,
589500,科创综指ETF工银,科创板,,,,,,,,1.65,2026-05-04 19:51:39.326881+08:00,
589520,科创人工智能ETF华宝,人工智能指数,,,,,,,,7.18,2026-05-04 19:51:39.326881+08:00,
589550,科创价值ETF华夏,科创板,,,,,,,,0.37,2026-05-04 19:51:39.326881+08:00,
589560,科创人工智能ETF汇添富,人工智能指数,,,,,,,,4.45,2026-05-04 19:51:39.326881+08:00,
589580,科创综指ETF兴银,科创板,,,,,,,,0.16,2026-05-04 19:51:39.326881+08:00,
589600,科创综指ETF富国,科创板,,,,,,,,4.04,2026-05-04 19:51:39.326881+08:00,
589630,科创综指ETF国泰,科创板,,,,,,,,3.06,2026-05-04 19:51:39.326881+08:00,
589660,科创综指ETF南方,科创板,,,,,,,,4.78,2026-05-04 19:51:39.326881+08:00,
589680,科创综指ETF鹏华,科创板,,,,,,,,8.02,2026-05-04 19:51:39.326881+08:00,
589700,科创成长ETF南方,科创板,,,,,,,,0.29,2026-05-04 19:51:39.326881+08:00,
589720,科创创新药ETF国泰,科创板,,,,,,,,15.14,2026-05-04 19:51:39.326881+08:00,
589770,科创综指ETF招商,科创板,,,,,,,,2.96,2026-05-04 19:51:39.326881+08:00,
589780,科创200ETF富国,科创板,,,,,,,,0.89,2026-05-04 19:51:39.326881+08:00,
589800,科创综指ETF易方达,科创板,,,,,,,,16.08,2026-05-04 19:51:39.326881+08:00,
589820,科创200ETF建信,科创板,,,,,,,,2.32,2026-05-04 19:51:39.326881+08:00,
589850,科创50ETF东财,科创50,,,,,,,,5.43,2026-05-04 19:51:39.326881+08:00,
589860,科创综指ETF天弘,科创板,,,,,,,,2.89,2026-05-04 19:51:39.326881+08:00,
589880,科创综指ETF建信,科创板,,,,,,,,7.13,2026-05-04 19:51:39.326881+08:00,
589890,科创综指ETF景顺,科创板,,,,,,,,1.55,2026-05-04 19:51:39.326881+08:00,
589900,科创综指ETF博时,科创板,,,,,,,,3.26,2026-05-04 19:51:39.326881+08:00,
589950,科创100ETF富国,科创板,,,,,,,,4.60,2026-05-04 19:51:39.326881+08:00,
589960,科创新能源ETF易方达,新能源指数,,,,,,,,1.82,2026-05-04 19:51:39.326881+08:00,
589980,科创100ETF汇添富,科创板,,,,,,,,2.52,2026-05-04 19:51:39.326881+08:00,
589990,科创综指ETF华泰柏瑞,科创板,,,,,,,,2.09,2026-05-04 19:51:39.326881+08:00,
