ts_code,report_year,report_type,ann_date,f_ann_date,n_cashflow_act,cash_recp_sg_and_rs,n_incr_cash_cash_equ,n_cashflow_inv_act,cash_recp_disp_withdrw_invest,n_cash_flows_fnc_act,cash_recp_cap_contrib,created_at,updated_at
00007.HK,2001,2,2001-09-30,2001-09-30,-16642549.80,,-14238696.60,2615833.20,,-211980.00,,2026-07-09 09:09:21.575488+08:00,
00007.HK,2001,4,2001-03-31,2001-03-31,-35207699.40,,39345036.60,11825057.40,,62727678.60,,2026-07-09 01:13:07.607193+08:00,
00010.HK,2001,4,2001-06-30,2001-06-30,-3980136720.00,,-1032229240.00,-551717880.00,,3499625360.00,,2026-07-09 01:13:07.929292+08:00,
00018.HK,2001,4,2001-03-31,2001-03-31,524667002.40,,481480759.20,79374676.20,,-122560919.40,,2026-07-09 01:13:08.952004+08:00,
00018.HK,2001,2,2001-09-30,2001-09-30,61754013.60,,67108628.40,19608150.00,,-14253535.20,,2026-07-09 09:09:23.325194+08:00,
00021.HK,2001,4,2001-12-31,2001-12-31,21636240.00,,-123559900.00,-145196140.00,,,,2026-07-09 01:13:09.421472+08:00,
00021.HK,2001,2,2001-06-30,2001-06-30,14326200.00,,-46692800.00,-61019000.00,,,,2026-07-09 09:09:23.667663+08:00,
00022.HK,2001,2,2001-09-30,2001-09-30,540615773.70,,387779253.60,48494664.60,,-197303564.70,,2026-07-09 09:09:23.834565+08:00,
00022.HK,2001,4,2001-03-31,2001-03-31,55898631.00,,2874271.20,-123588354.60,,74623849.80,,2026-07-09 01:13:09.972119+08:00,
00025.HK,2001,4,2001-03-31,2001-03-31,424645973.40,,176416355.40,-288889729.20,,46131628.20,,2026-07-09 01:13:35.003361+08:00,
00025.HK,2001,2,2001-09-30,2001-09-30,-53538728.70,,-130116503.70,-102649195.20,,21713111.40,,2026-07-09 09:09:25.016981+08:00,
00029.HK,2001,4,2001-06-30,2001-06-30,155982604.40,,81904477.20,3380983.20,,-77645881.60,,2026-07-09 01:13:35.524635+08:00,
00029.HK,2001,2,2001-12-31,2001-12-31,19637009.00,,-44642775.20,-60136020.00,,-4242400.00,,2026-07-09 09:09:25.403998+08:00,
00030.HK,2001,4,2001-03-31,2001-03-31,-34517262.95,,-184861016.19,-188684646.01,,38420033.93,,2026-07-09 01:13:35.525788+08:00,
00030.HK,2001,2,2001-09-30,2001-09-30,-25147151.36,,-23588719.98,-4293496.97,,409523.10,,2026-07-09 09:09:25.531867+08:00,
00035.HK,2001,2,2001-09-30,2001-09-30,93684561.00,,35608400.40,-39598923.90,,-17261531.40,,2026-07-09 09:09:26.980955+08:00,
00037.HK,2001,4,2001-03-31,2001-03-31,6180453.66,,-11744535.35,-17893712.73,,-37940.80,,2026-07-09 01:13:37.370292+08:00,
00037.HK,2001,2,2001-09-30,2001-09-30,-692927.64,,-377606.33,-61203408.27,,61518729.58,,2026-07-09 09:09:27.335858+08:00,
00040.HK,2001,2,2001-09-30,2001-09-30,30158394.60,,73757381.10,-51097779.00,,98422314.00,,2026-07-09 09:09:28.387312+08:00,
00050.HK,2001,4,2001-12-31,2001-12-31,751917673.00,,49986078.00,-65571595.00,,-636360000.00,,2026-07-09 01:13:38.790706+08:00,
00050.HK,2001,2,2001-06-30,2001-06-30,-92261789.20,,-87145744.00,5116045.20,,,,2026-07-09 09:09:29.824711+08:00,
00052.HK,2001,4,2001-03-31,2001-03-31,-530700.00,,-9351995.40,-43561978.80,,34740683.40,,2026-07-09 01:13:39.362297+08:00,
00053.HK,2001,2,2001-12-31,2001-12-31,219818219.40,,-10242118691.40,-831243767.80,,-9620777776.20,,2026-07-09 09:09:30.811406+08:00,
00055.HK,2001,2,2001-09-30,2001-09-30,26160451.80,,-21962187.90,-48066465.00,,-56174.70,,2026-07-09 09:09:31.224583+08:00,
00057.HK,2001,4,2001-03-31,2001-03-31,135417657.60,,168167154.60,-47521000.80,,80270497.80,,2026-07-09 01:13:40.045892+08:00,
00057.HK,2001,2,2001-09-30,2001-09-30,-10594760.40,,-42526367.70,-37627509.90,,5833689.60,,2026-07-09 09:09:31.802305+08:00,
00065.HK,2001,4,2001-12-31,2001-12-31,-6233146.20,,13331742.00,-7318140.00,,27026209.20,,2026-07-09 01:13:41.567376+08:00,
00070.HK,2001,2,2001-12-31,2001-12-31,-24595314.00,,-3208315.00,-442270.20,,21829269.20,,2026-07-09 09:09:33.760677+08:00,
00071.HK,2001,2,2001-09-30,2001-09-30,98198675.10,,141726648.30,-4134669.90,,47662643.10,,2026-07-09 09:09:33.921594+08:00,
00077.HK,2001,4,2001-03-31,2001-03-31,23483475.00,,-16003789.20,-12358941.60,,-27128322.60,,2026-07-09 01:13:43.137946+08:00,
00084.HK,2001,4,2001-03-31,2001-03-31,77679620.40,,69366735.60,49254267.00,,-55187493.00,,2026-07-09 01:13:44.438783+08:00,
00084.HK,2001,2,2001-09-30,2001-09-30,-21499011.60,,-18834423.00,-16704024.00,,17896411.50,,2026-07-09 09:09:36.934121+08:00,
00088.HK,2001,4,2001-03-31,2001-03-31,140104800.00,,-10507860.00,-75571680.00,,-75040980.00,,2026-07-09 01:13:44.965901+08:00,
00088.HK,2001,2,2001-09-30,2001-09-30,234131910.00,,-7313310.00,-16852410.00,,-224592810.00,,2026-07-09 09:09:37.431027+08:00,
00089.HK,2001,4,2001-12-31,2001-12-31,40625901.18,,-1268569.87,-52411032.78,,10516561.72,,2026-07-09 01:13:45.231222+08:00,
00092.HK,2001,2,2001-12-31,2001-12-31,213002419.20,,83349372.20,-266780142.20,,139057387.20,,2026-07-09 09:09:39.036756+08:00,
00093.HK,2001,4,2001-03-31,2001-03-31,31072485.00,,-46838520.60,-78166803.00,,-46701.60,,2026-07-09 01:13:46.265229+08:00,
00093.HK,2001,2,2001-09-30,2001-09-30,6272488.20,,5857007.40,-464236.20,,,,2026-07-09 09:09:39.084431+08:00,
00094.HK,2001,4,2001-12-31,2001-12-31,60079808.20,,-21227909.00,-102177143.40,,20869426.20,,2026-07-09 01:13:46.568866+08:00,
00097.HK,2001,2,2001-12-31,2001-12-31,120596583.60,,-298836777.20,-436301143.20,,16867782.40,,2026-07-09 09:09:41.046433+08:00,
00099.HK,2001,2,2001-06-30,2001-06-30,208580982.40,,260581904.80,35134209.60,,18401208.00,,2026-07-09 09:09:41.841211+08:00,
00099.HK,2001,4,2001-12-31,2001-12-31,184790459.20,,-256634442.60,-453809528.00,,20642457.80,,2026-07-09 01:13:47.787099+08:00,
00104.HK,2001,4,2001-03-31,2001-03-31,-654883.80,,-3485637.60,-2759640.00,,,,2026-07-09 01:13:49.051516+08:00,
00104.HK,2001,2,2001-09-30,2001-09-30,-3694811.40,,398522.40,4083794.70,,,,2026-07-09 09:09:43.357669+08:00,
00105.HK,2001,4,2001-03-31,2001-03-31,64626523.20,,57563967.60,-7154897.40,,,,2026-07-09 01:13:49.065130+08:00,
00105.HK,2001,2,2001-09-30,2001-09-30,79906920.90,,76271463.90,-3635457.00,,,,2026-07-09 09:09:43.437067+08:00,
00113.HK,2001,2,2001-09-30,2001-09-30,-120551966.10,,-149000742.00,-26797451.70,,-321149.70,,2026-07-09 09:09:44.934489+08:00,
00113.HK,2001,4,2001-03-31,2001-03-31,140769236.40,,-284038069.80,-374650849.20,,-48146165.40,,2026-07-09 01:13:50.089722+08:00,
00114.HK,2001,4,2001-03-31,2001-03-31,-41570792.40,,-69902742.60,-19009674.00,,-7046634.60,,2026-07-09 01:13:50.305176+08:00,
00115.HK,2001,4,2001-12-31,2001-12-31,45105196.80,,-1944079.80,-145805985.00,,97500958.00,,2026-07-09 01:13:50.454986+08:00,
00116.HK,2001,4,2001-12-31,2001-12-31,-581208.80,,-13287196.80,-9259038.00,,-3462859.00,,2026-07-09 01:13:50.796183+08:00,
00120.HK,2001,2,2001-09-30,2001-09-30,119616074.40,,119502665.10,,,-232118.10,,2026-07-09 09:09:47.570603+08:00,
00122.HK,2001,2,2001-01-31,2001-01-31,-4452619.60,,-9789612.80,-2788852.00,,-2548141.20,,2026-07-09 09:09:47.971910+08:00,
00126.HK,2001,4,2001-03-31,2001-03-31,48530392.20,,69349753.20,44256134.40,,-21883945.20,,2026-07-09 01:13:52.569366+08:00,
00126.HK,2001,2,2001-09-30,2001-09-30,90046984.20,,43630783.50,-30224108.40,,-11508394.20,,2026-07-09 09:09:49.151780+08:00,
001267.SZ,2001,2,2001-08-21,2001-08-21,-142925960.05,,-10287387.55,-12445990.00,,145090969.51,,2026-05-05 13:29:19.097250+08:00,
001267.SZ,2001,4,2002-04-27,2002-04-27,-125327301.99,,-11237383.59,-11971812.85,,126061731.25,,2026-05-05 01:28:57.764866+08:00,2026-05-05 13:07:59.303088+08:00
00127.HK,2001,4,2001-12-31,2001-12-31,453961193.80,,668734815.00,-409610083.60,,619919639.40,,2026-07-09 01:13:52.826226+08:00,
00128.HK,2001,2,2001-06-30,2001-06-30,28696970.40,,11154273.20,-16550475.20,,-1357274.80,,2026-07-09 09:09:50.009916+08:00,
00128.HK,2001,4,2001-12-31,2001-12-31,62724944.60,,-209102593.00,-159302120.00,,-114166165.80,,2026-07-09 01:13:53.006734+08:00,
00131.HK,2001,2,2001-12-31,2001-12-31,-22358508.60,,-2772408.40,-6135571.00,,25721671.20,,2026-07-09 09:09:51.092212+08:00,
00131.HK,2001,4,2001-06-30,2001-06-30,-53137467.60,,29559726.00,-4133374.00,,86830567.60,,2026-07-09 01:13:53.752896+08:00,
00132.HK,2001,4,2001-12-31,2001-12-31,-14606583.20,,7066777.80,-11972052.80,,33645413.80,,2026-07-09 01:13:53.972656+08:00,
00132.HK,2001,2,2001-06-30,2001-06-30,-13524994.00,,-10163112.40,,,3361881.60,,2026-07-09 09:09:51.629239+08:00,
00136.HK,2001,2,2001-09-30,2001-09-30,12145394.10,,541608.90,-12568294.20,,-257555.70,,2026-07-09 09:09:52.703711+08:00,
00136.HK,2001,4,2001-03-31,2001-03-31,13849527.18,,15637784.52,2586810.12,,-660256.61,,2026-07-09 01:13:54.927263+08:00,
00138.HK,2001,4,2001-12-31,2001-12-31,170756600.00,,722268600.00,-138938600.00,,690450600.00,,2026-07-09 01:13:55.049058+08:00,
00138.HK,2001,2,2001-06-30,2001-06-30,8489600.00,,3183600.00,-128405200.00,,123099200.00,,2026-07-09 09:09:53.827993+08:00,
00139.HK,2001,2,2001-09-30,2001-09-30,10390199.70,,22379788.50,-61746594.30,,73736183.10,,2026-07-09 09:09:53.837097+08:00,
00147.HK,2001,4,2001-03-31,2001-03-31,21563402.40,,6903345.60,20876676.60,,-35536733.40,,2026-07-09 01:13:56.518695+08:00,
00147.HK,2001,2,2001-09-30,2001-09-30,5143694.70,,1560172.80,-957089.70,,-2626432.20,,2026-07-09 09:09:55.491644+08:00,
00149.HK,2001,4,2001-12-31,2001-12-31,-1967413.00,,-7500563.20,-133860447.20,,127256091.00,,2026-07-09 01:13:56.604204+08:00,
00149.HK,2001,2,2001-06-30,2001-06-30,-15803390.40,,-14206284.40,-114474827.60,,116032669.20,,2026-07-09 09:09:55.771741+08:00,
00158.HK,2001,2,2001-03-31,2001-03-31,-6038304.60,,-5887585.80,150718.80,,,,2026-07-09 09:09:57.749311+08:00,
00158.HK,2001,4,2001-09-30,2001-09-30,1201926.60,,1308976.50,107049.90,,,,2026-07-09 01:13:57.904873+08:00,
00160.HK,2001,2,2001-09-30,2001-09-30,97811811.60,,-54517016.40,-8102935.50,,-144225892.50,,2026-07-09 09:09:58.077013+08:00,
00160.HK,2001,4,2001-03-31,2001-03-31,-23064222.00,,-80867004.60,463781914.20,,-521584696.80,,2026-07-09 01:13:58.190692+08:00,
00162.HK,2001,4,2001-03-31,2001-03-31,18898227.00,,29131184.40,1907335.80,,8325621.60,,2026-07-09 01:13:58.860339+08:00,
00162.HK,2001,2,2001-09-30,2001-09-30,22093615.50,,12182490.60,-2977259.10,,-6933865.80,,2026-07-09 09:09:58.941065+08:00,
00163.HK,2001,2,2001-09-30,2001-09-30,166438216.80,,76983716.70,-14451736.50,,-75002763.60,,2026-07-09 09:09:59.480342+08:00,
00163.HK,2001,4,2001-03-31,2001-03-31,113814983.40,,78890677.80,-307882420.80,,272958115.20,,2026-07-09 01:13:59.246299+08:00,
00164.HK,2001,2,2001-09-30,2001-09-30,-85441718.70,,71567627.70,69895105.50,,87114240.90,,2026-07-09 09:09:59.326010+08:00,
00166.HK,2001,4,2001-03-31,2001-03-31,114733094.40,,86279083.20,-40715304.00,,12261292.80,,2026-07-09 01:13:59.777251+08:00,
00166.HK,2001,2,2001-09-30,2001-09-30,-30695763.90,,-86395628.70,-55074523.80,,,,2026-07-09 09:10:00.177415+08:00,
00174.HK,2001,2,2001-06-30,2001-06-30,25115420.40,,16529251.20,-8536292.80,,,,2026-07-09 09:10:02.476785+08:00,
00174.HK,2001,4,2001-12-31,2001-12-31,21611846.20,,8086014.40,-12684776.00,,-778480.40,,2026-07-09 01:14:00.925865+08:00,
00182.HK,2001,4,2001-03-31,2001-03-31,-37515183.00,,82348719.00,-94257627.00,,214121529.00,,2026-07-09 01:14:03.615539+08:00,
00182.HK,2001,2,2001-09-30,2001-09-30,-12275761.80,,-13213773.30,-7569805.80,,6631794.30,,2026-07-09 09:10:04.925712+08:00,
00184.HK,2001,4,2001-12-31,2001-12-31,-72737008.60,,-19779129.40,33578596.00,,19379283.20,,2026-07-09 01:14:03.844560+08:00,
00184.HK,2001,2,2001-06-30,2001-06-30,66941557.20,,56799668.80,-2038565.20,,-8103323.20,,2026-07-09 09:10:05.231031+08:00,
00185.HK,2001,4,2001-03-31,2001-03-31,-62835941.40,,-52968105.60,11030068.80,,-1162233.00,,2026-07-09 01:14:04.110536+08:00,
00185.HK,2001,2,2001-09-30,2001-09-30,-3212556.90,,16787756.10,1135152.90,,18865160.10,,2026-07-09 09:10:05.370216+08:00,
00188.HK,2001,4,2001-06-30,2001-06-30,161188749.72,,392640330.37,-56485250.10,,287936830.74,,2026-07-09 01:14:04.890380+08:00,
00191.HK,2001,4,2001-07-31,2001-07-31,122653286.80,,-52925624.40,-166695940.40,,-8882970.80,,2026-07-09 01:14:05.137182+08:00,
00191.HK,2001,2,2001-01-31,2001-01-31,60183002.00,,-86648465.20,-190509343.20,,43953580.00,,2026-07-09 09:10:06.953604+08:00,
00194.HK,2001,4,2001-12-31,2001-12-31,-39629319.00,,32017392.80,-121358094.40,,193004806.20,,2026-07-09 01:14:05.529708+08:00,
00197.HK,2001,2,2001-12-31,2001-12-31,-8382982.40,,22354266.20,-340452.60,,31077701.20,,2026-07-09 09:10:08.521629+08:00,
00199.HK,2001,2,2001-09-30,2001-09-30,-16619232.00,,14740029.30,27344360.10,,3629097.60,,2026-07-09 09:10:09.186819+08:00,
00201.HK,2001,2,2001-09-30,2001-09-30,75015482.40,,68470599.90,-22895959.80,,16351077.30,,2026-07-09 09:10:09.326087+08:00,
00204.HK,2001,4,2001-03-31,2001-03-31,7353379.20,,1185583.80,-12466143.00,,6298347.60,,2026-07-09 01:14:07.719884+08:00,
00204.HK,2001,2,2001-09-30,2001-09-30,2349798.30,,-4154808.00,-16485684.60,,9981078.30,,2026-07-09 09:10:10.489835+08:00,
00213.HK,2001,4,2001-03-31,2001-03-31,299414996.16,,111847415.27,-4094626.46,,-183438476.97,,2026-07-09 01:14:08.984354+08:00,
00214.HK,2001,4,2001-03-31,2001-03-31,-193168431.60,,-347320860.60,-515429638.20,,361070236.20,,2026-07-09 01:14:09.079209+08:00,
00214.HK,2001,2,2001-09-30,2001-09-30,55793136.00,,-119184695.10,-231026403.00,,57557869.50,,2026-07-09 09:10:11.907854+08:00,
00224.HK,2001,2,2001-09-30,2001-09-30,-37455806.10,,-67849498.50,-30411710.70,,,,2026-07-09 09:10:14.298767+08:00,
00224.HK,2001,4,2001-03-31,2001-03-31,27518917.80,,92303589.60,-84588273.00,,149624496.60,,2026-07-09 01:14:11.332072+08:00,
00225.HK,2001,4,2001-09-30,2001-09-30,15941451.39,,7714456.71,6318625.65,,-19070698.03,,2026-07-09 01:14:11.387239+08:00,
00225.HK,2001,2,2001-03-31,2001-03-31,-1123777.42,,-60353087.99,-832303.18,,-64498180.83,,2026-07-09 09:10:14.547117+08:00,
00228.HK,2001,4,2001-12-31,2001-12-31,41429157.20,,18528682.00,-18764135.20,,-4136340.00,,2026-07-09 01:14:12.242754+08:00,
00234.HK,2001,4,2001-03-31,2001-03-31,-60522089.40,,-60518905.20,-70044970.20,,70099101.60,,2026-07-09 01:14:12.956084+08:00,
00234.HK,2001,2,2001-09-30,2001-09-30,-10471812.00,,-1205106.30,1240083.00,,8026622.70,,2026-07-09 09:10:16.250754+08:00,
00237.HK,2001,2,2001-09-30,2001-09-30,20923485.90,,78622322.10,4703836.20,,52995000.00,,2026-07-09 09:10:16.773089+08:00,
00237.HK,2001,4,2001-03-31,2001-03-31,26659183.80,,19615733.40,-7043450.40,,,,2026-07-09 01:14:13.325988+08:00,
00240.HK,2001,2,2001-09-30,2001-09-30,-3554904.60,,23584894.80,44325018.00,,-10639276.20,,2026-07-09 09:10:17.395959+08:00,
00243.HK,2001,4,2001-04-30,2001-04-30,136933500.00,,-158163500.00,81735500.00,,-378955500.00,,2026-07-09 01:14:14.178264+08:00,
00243.HK,2001,2,2001-10-31,2001-10-31,-29696800.00,,56211800.00,-38181600.00,,124090200.00,,2026-07-09 09:10:18.208478+08:00,
00244.HK,2001,2,2001-08-31,2001-08-31,77500497.20,,86637429.20,44487626.40,,-34873154.40,,2026-07-09 09:10:18.208102+08:00,
00244.HK,2001,4,2001-02-28,2001-02-28,-173412174.80,,26429553.90,255463400.40,,-53621121.20,,2026-07-09 01:14:14.142848+08:00,
00247.HK,2001,4,2001-06-30,2001-06-30,-1627742090.55,,-1618249328.64,-545462638.72,,551343603.25,,2026-07-09 01:14:14.757798+08:00,
00247.HK,2001,2,2001-12-31,2001-12-31,819056554.80,,86098209.83,-242256400.67,,-497586233.15,,2026-07-09 09:10:18.996752+08:00,
00248.HK,2001,2,2001-09-30,2001-09-30,-10920149.70,,-15156570.00,-1140452.40,,-3107626.80,,2026-07-09 09:10:19.428627+08:00,
00252.HK,2001,4,2001-03-31,2001-03-31,25079214.54,,5317208.55,-6347188.98,,-11268284.11,,2026-07-09 01:14:15.619094+08:00,
00252.HK,2001,2,2001-09-30,2001-09-30,-2749700.69,,-10152895.51,-6401901.99,,-1456321.68,,2026-07-09 09:10:19.632285+08:00,
00254.HK,2001,2,2001-12-31,2001-12-31,-8090256.80,,27833325.80,-5910723.80,,41834306.40,,2026-07-09 09:10:20.645451+08:00,
00255.HK,2001,4,2001-03-31,2001-03-31,178393655.50,,139195877.54,-153536914.65,,114035086.98,,2026-07-09 01:14:16.419262+08:00,
00255.HK,2001,2,2001-09-30,2001-09-30,-52901728.80,,22459281.00,-9679006.80,,84759143.10,,2026-07-09 09:10:20.855552+08:00,
00259.HK,2001,4,2001-03-31,2001-03-31,18108545.40,,146557050.60,-25850397.00,,154298902.20,,2026-07-09 01:14:17.180596+08:00,
00259.HK,2001,2,2001-09-30,2001-09-30,19921880.40,,5240145.60,-14681734.80,,,,2026-07-09 09:10:22.005858+08:00,
00261.HK,2001,2,2001-03-31,2001-03-31,-5724130.20,,-1632433.20,43973802.00,,-39882105.00,,2026-07-09 09:10:22.033587+08:00,
00261.HK,2001,4,2001-09-30,2001-09-30,-6130461.60,,-2035008.00,43969951.50,,-39874497.90,,2026-07-09 01:14:17.338241+08:00,
00266.HK,2001,4,2001-03-31,2001-03-31,58136062.20,,29198052.60,-29074930.20,,,,2026-07-09 01:14:17.993173+08:00,
00266.HK,2001,2,2001-09-30,2001-09-30,85112089.80,,81476632.80,-3635457.00,,,,2026-07-09 09:10:23.606718+08:00,
00269.HK,2001,4,2001-03-31,2001-03-31,-57358056.00,,17329477.80,92702676.00,,-17769958.80,,2026-07-09 01:14:18.754274+08:00,
00269.HK,2001,2,2001-09-30,2001-09-30,-9784996.80,,-83131136.70,74001158.10,,-147356837.10,,2026-07-09 09:10:24.364731+08:00,
00274.HK,2001,4,2001-12-31,2001-12-31,49997744.60,,73288520.60,-110421187.20,,133711963.20,,2026-07-09 01:14:19.892822+08:00,
00277.HK,2001,2,2001-09-30,2001-09-30,1070499.00,,-23580655.20,-23410011.30,,-1241142.90,,2026-07-09 09:10:25.450151+08:00,
00277.HK,2001,4,2001-03-31,2001-03-31,-557609.67,,-16168923.93,-12760859.82,,-2850454.45,,2026-07-09 01:14:19.412467+08:00,
00279.HK,2001,2,2001-09-30,2001-09-30,-164949057.30,,89202243.90,-23963279.10,,277982092.80,,2026-07-09 09:10:26.073875+08:00,
00280.HK,2001,4,2001-03-31,2001-03-31,-74913612.00,,-63659587.80,12212468.40,,-1075198.20,,2026-07-09 01:14:20.519662+08:00,
00280.HK,2001,2,2001-09-30,2001-09-30,6770641.20,,66089004.60,-4275636.60,,63594000.00,,2026-07-09 09:10:26.444164+08:00,
00287.HK,2001,2,2001-09-30,2001-09-30,1090637.10,,554327.70,-536309.40,,,,2026-07-09 09:10:27.654076+08:00,
00287.HK,2001,4,2001-03-31,2001-03-31,-7729109.49,,-11527424.92,-3798315.43,,,,2026-07-09 01:14:21.265568+08:00,
00290.HK,2001,2,2001-09-30,2001-09-30,8578830.60,,28620479.70,-841560.60,,20883209.70,,2026-07-09 09:10:28.859410+08:00,
00290.HK,2001,4,2001-03-31,2001-03-31,18977832.00,,50098080.00,41908317.60,,-10788069.60,,2026-07-09 01:14:22.288834+08:00,
00294.HK,2001,2,2001-09-30,2001-09-30,17081348.40,,34515643.50,-9245507.70,,28005737.70,,2026-07-09 09:10:29.564149+08:00,
00294.HK,2001,4,2001-03-31,2001-03-31,5865296.40,,-83551285.20,-33944633.40,,-55471948.20,,2026-07-09 01:14:22.594318+08:00,
00296.HK,2001,4,2001-03-31,2001-03-31,-9921967.20,,-3468655.20,5653016.40,,800295.60,,2026-07-09 01:14:23.004463+08:00,
00296.HK,2001,2,2001-09-30,2001-09-30,7340867.40,,-1481740.20,-7312250.10,,-1510357.50,,2026-07-09 09:10:29.741721+08:00,
00298.HK,2001,2,2001-09-30,2001-09-30,-31515066.60,,-12989074.50,-4039278.90,,22565271.00,,2026-07-09 09:10:30.794213+08:00,
00299.HK,2001,4,2001-12-31,2001-12-31,18354661.93,,8703519.05,-9651142.88,,,,2026-07-09 01:14:23.760696+08:00,
00303.HK,2001,2,2001-09-30,2001-09-30,460195640.00,,-183747180.00,100150490.00,,-751542520.00,,2026-07-09 09:10:32.116335+08:00,
00303.HK,2001,4,2001-03-31,2001-03-31,-325321470.00,,-116718390.00,-281448600.00,,514885380.00,,2026-07-09 01:14:24.809714+08:00,
00306.HK,2001,2,2001-09-30,2001-09-30,50897457.90,,-8101875.60,-63081008.40,,4081674.90,,2026-07-09 09:10:32.892822+08:00,
00311.HK,2001,4,2001-12-31,2001-12-31,234707822.80,,44751576.20,-150253396.40,,-39702850.20,,2026-07-09 01:14:25.864672+08:00,
00313.HK,2001,2,2001-09-30,2001-09-30,-42943968.30,,-16849230.30,-873357.60,,26968095.60,,2026-07-09 09:10:34.211306+08:00,
00313.HK,2001,4,2001-03-31,2001-03-31,18108992.25,,-45670876.58,-42491320.21,,-21288548.62,,2026-07-09 01:14:26.172069+08:00,
00315.HK,2001,2,2001-12-31,2001-12-31,79293637.80,,-406526919.40,-471554426.60,,-14266130.60,,2026-07-09 09:10:35.096623+08:00,
00315.HK,2001,4,2001-06-30,2001-06-30,447780768.40,,190199937.20,-384171379.20,,126590548.00,,2026-07-09 01:14:27.026618+08:00,
00321.HK,2001,4,2001-03-31,2001-03-31,442947693.60,,158219713.80,-232167451.80,,-52645440.00,,2026-07-09 01:14:27.757482+08:00,
00321.HK,2001,2,2001-09-30,2001-09-30,214923342.30,,11383326.00,-212552346.00,,9772278.00,,2026-07-09 09:10:35.744697+08:00,
00328.HK,2001,4,2001-03-31,2001-03-31,79078545.60,,63280668.00,-108098283.00,,92300405.40,,2026-07-09 01:14:29.158962+08:00,
00328.HK,2001,2,2001-09-30,2001-09-30,25354927.80,,-29056098.60,-82072296.60,,27661270.20,,2026-07-09 09:10:37.622881+08:00,
00329.HK,2001,4,2001-12-31,2001-12-31,-60466927.20,,23985469.00,-15308700.40,,96383085.60,,2026-07-09 01:14:29.234293+08:00,
00332.HK,2001,2,2001-09-30,2001-09-30,232228329.60,,139781731.80,-66400615.20,,-26040683.10,,2026-07-09 09:10:38.483024+08:00,
00333.HK,2001,2,2001-12-31,2001-12-31,28476049.40,,15087035.00,-7411472.80,,-6066632.00,,2026-07-09 09:10:39.185708+08:00,
00333.HK,2001,4,2001-06-30,2001-06-30,92046365.60,,28112249.20,-18385290.00,,-45548826.40,,2026-07-09 01:14:30.201210+08:00,
00335.HK,2001,2,2001-09-30,2001-09-30,-11467058.10,,-12213227.70,-746169.60,,,,2026-07-09 09:10:40.010860+08:00,
00335.HK,2001,4,2001-03-31,2001-03-31,-134923045.20,,-131319592.20,-54125031.60,,57728484.60,,2026-07-09 01:14:30.696848+08:00,
00339.HK,2001,4,2001-12-31,2001-12-31,-6159826.92,,-12181803.42,-6012787.46,,-9189.04,,2026-07-09 01:14:31.936823+08:00,
00339.HK,2001,2,2001-06-30,2001-06-30,-4328434.23,,-3350391.99,949867.39,,28174.86,,2026-07-09 09:10:40.934804+08:00,
00341.HK,2001,4,2001-03-31,2001-03-31,282959687.40,,81302178.60,-190658220.60,,-10906946.40,,2026-07-09 01:14:32.015532+08:00,
00341.HK,2001,2,2001-09-30,2001-09-30,165061406.70,,11405583.90,-302449884.30,,148797241.20,,2026-07-09 09:10:41.579904+08:00,
00343.HK,2001,2,2001-09-30,2001-09-30,36853782.90,,-29600887.20,-96356568.90,,29901898.80,,2026-07-09 09:10:41.665314+08:00,
00343.HK,2001,4,2001-03-31,2001-03-31,-28690703.40,,-271759794.60,-291530492.40,,48461401.20,,2026-07-09 01:14:32.567073+08:00,
00345.HK,2001,2,2001-09-30,2001-09-30,15998130.60,,-130589219.10,-268229952.90,,122068683.00,,2026-07-09 09:10:42.060467+08:00,
00346.HK,2001,4,2001-03-31,2001-03-31,25178530.80,,-15598334.40,-14182426.80,,-26594438.40,,2026-07-09 01:14:33.194703+08:00,
00346.HK,2001,2,2001-09-30,2001-09-30,-56300828.10,,-32251697.10,-15520115.70,,39569246.70,,2026-07-09 09:10:42.480178+08:00,
00353.HK,2001,2,2001-06-30,2001-06-30,-13111126.00,,-7912307.20,-623985.60,,5822804.40,,2026-07-09 09:10:43.723339+08:00,
00353.HK,2001,4,2001-12-31,2001-12-31,12577655.40,,-1652414.80,-43611872.00,,29381801.80,,2026-07-09 01:14:34.068037+08:00,
00354.HK,2001,4,2001-12-31,2001-12-31,5543000.00,,43137000.00,5525000.00,,32014000.00,,2026-07-09 01:14:34.859055+08:00,
00360.HK,2001,4,2001-12-31,2001-12-31,22928000.00,,-6280000.00,-16685000.00,,-12523000.00,,2026-07-09 01:14:35.482422+08:00,
00362.HK,2001,4,2001-06-30,2001-06-30,22244874.40,,25881606.80,-17621226.00,,21257958.40,,2026-07-09 01:14:35.910821+08:00,
00362.HK,2001,2,2001-12-31,2001-12-31,12849169.00,,31662091.80,-10648424.00,,29461346.80,,2026-07-09 09:10:45.589825+08:00,
00367.HK,2001,2,2001-09-30,2001-09-30,76639249.20,,108083302.50,-31005254.70,,62449308.00,,2026-07-09 09:10:46.873077+08:00,
00370.HK,2001,2,2001-09-30,2001-09-30,-5852767.80,,-340227.90,,,5630188.80,,2026-07-09 09:10:47.720686+08:00,
00371.HK,2001,2,2001-12-31,2001-12-31,-34999.80,,20014582.60,,,20049582.40,,2026-07-09 09:10:48.353581+08:00,
00371.HK,2001,4,2001-06-30,2001-06-30,-13265000.00,,-14853616.40,-2163786.80,,575170.40,,2026-07-09 01:14:37.480150+08:00,
00372.HK,2001,4,2001-03-31,2001-03-31,-27926495.40,,-41203548.00,-24311367.00,,10116203.40,,2026-07-09 01:14:37.784618+08:00,
00372.HK,2001,2,2001-09-30,2001-09-30,-57328931.10,,2646570.30,4463238.90,,55490004.60,,2026-07-09 09:10:48.229336+08:00,
00374.HK,2001,2,2001-09-30,2001-09-30,50382346.50,,20641552.50,-11191484.10,,-18549309.90,,2026-07-09 09:10:49.139091+08:00,
00374.HK,2001,4,2001-03-31,2001-03-31,81568590.00,,96136305.00,-21444525.60,,35918837.40,,2026-07-09 01:14:38.563469+08:00,
00375.HK,2001,2,2001-09-30,2001-09-30,-50008201.80,,-95351783.70,-720732.00,,-37834190.40,,2026-07-09 09:10:49.425857+08:00,
00375.HK,2001,4,2001-03-31,2001-03-31,-173297962.20,,-127625920.20,-16590743.40,,64813329.60,,2026-07-09 01:14:38.836921+08:00,
00384.HK,2001,2,2001-09-30,2001-09-30,-6553361.70,,13640913.00,1116074.70,,19078200.00,,2026-07-09 09:10:51.249660+08:00,
00391.HK,2001,2,2001-09-30,2001-09-30,12539676.90,,-4943373.60,-20983900.20,,3500849.70,,2026-07-09 09:10:53.082260+08:00,
00391.HK,2001,4,2001-03-31,2001-03-31,21391455.60,,-47765122.80,-81985720.20,,12829141.80,,2026-07-09 01:14:41.710019+08:00,
00393.HK,2001,2,2001-09-30,2001-09-30,69379994.10,,8494038.60,-10375361.10,,-47834346.90,,2026-07-09 09:10:53.343703+08:00,
00397.HK,2001,2,2001-09-30,2001-09-30,-14005518.60,,-788565.60,13221192.60,,-4239.60,,2026-07-09 09:10:54.536585+08:00,
00398.HK,2001,2,2001-09-30,2001-09-30,9132098.40,,-1939617.00,-12096638.70,,1024923.30,,2026-07-09 09:10:54.733041+08:00,
00398.HK,2001,4,2001-03-31,2001-03-31,17660634.60,,-21853164.60,-27596400.00,,-11917399.20,,2026-07-09 01:14:43.776016+08:00,
00399.HK,2001,4,2001-06-30,2001-06-30,94071135.20,,89563157.60,-81194534.40,,76686556.80,,2026-07-09 01:14:43.755817+08:00,
00403.HK,2001,2,2001-09-30,2001-09-30,64709014.80,,48645170.40,-4697476.80,,-11366367.60,,2026-07-09 09:10:55.961925+08:00,
00403.HK,2001,4,2001-03-31,2001-03-31,55613114.40,,-24712576.20,-6978705.00,,-73346985.60,,2026-07-09 01:14:44.734348+08:00,
00406.HK,2001,4,2001-03-31,2001-03-31,185889350.40,,139901011.20,-32950101.60,,-13038237.60,,2026-07-09 01:14:44.876635+08:00,
00406.HK,2001,2,2001-09-30,2001-09-30,-145525329.90,,-199104334.80,-197138220.30,,143559215.40,,2026-07-09 09:10:56.137212+08:00,
00408.HK,2001,2,2001-09-30,2001-09-30,37442027.40,,14818461.90,-11963091.30,,-11686457.40,,2026-07-09 09:10:56.739309+08:00,
00408.HK,2001,4,2001-03-31,2001-03-31,-33843366.29,,-9411698.09,-20041737.97,,43617747.94,,2026-07-09 01:14:45.082148+08:00,
00411.HK,2001,4,2001-12-31,2001-12-31,128925475.40,,-167908889.00,98321862.40,,-392545029.60,,2026-07-09 01:14:46.017908+08:00,
00411.HK,2001,2,2001-06-30,2001-06-30,21451096.80,,-13795600.00,17537391.20,,-53298770.00,,2026-07-09 09:10:57.617619+08:00,
00412.HK,2001,2,2001-09-30,2001-09-30,-7582524.60,,-5299.50,8436804.00,,-859578.90,,2026-07-09 09:10:57.690517+08:00,
00417.HK,2001,4,2001-02-28,2001-02-28,29688806.20,,-33473402.00,-16200744.50,,-47030448.20,,2026-07-09 01:14:46.471032+08:00,
00417.HK,2001,2,2001-08-31,2001-08-31,-5072536.00,,-15669679.20,43945353.20,,-54482008.00,,2026-07-09 09:10:58.366243+08:00,
00420.HK,2001,2,2001-02-28,2001-02-28,279815990.20,,181884532.70,-5477369.30,,-88836116.50,,2026-07-09 09:10:59.098804+08:00,
00431.HK,2001,4,2001-06-30,2001-06-30,-88449958.80,,17250867.20,-970998.00,,106671824.00,,2026-07-09 01:14:48.925277+08:00,
00432.HK,2001,4,2001-03-31,2001-03-31,-225650455.80,,-31039581.60,-10795499.40,,205523127.60,,2026-07-09 01:14:49.153465+08:00,
00432.HK,2001,2,2001-09-30,2001-09-30,574465.80,,-5468024.10,-2895646.80,,-3253893.00,,2026-07-09 09:11:01.901673+08:00,
00433.HK,2001,2,2001-06-30,2001-06-30,-140051870.00,,20376101.20,55835038.00,,104592933.20,,2026-07-09 09:11:02.624179+08:00,
00433.HK,2001,4,2001-12-31,2001-12-31,106188332.60,,26944543.00,-181420933.00,,102389263.40,,2026-07-09 01:14:49.271016+08:00,
00438.HK,2001,4,2001-12-31,2001-12-31,-7879000.00,,4091000.00,-162395000.00,,174365000.00,,2026-07-09 01:14:50.101392+08:00,
00439.HK,2001,2,2001-09-30,2001-09-30,25145067.60,,14160264.00,-1072618.80,,-9912184.80,,2026-07-09 09:11:04.133760+08:00,
00439.HK,2001,4,2001-03-31,2001-03-31,-32080815.00,,87530473.80,33682467.60,,85958540.40,,2026-07-09 01:14:50.224780+08:00,
00450.HK,2001,2,2001-09-30,2001-09-30,60435498.00,,-45605377.20,-91436513.10,,-14604362.10,,2026-07-09 09:11:04.708739+08:00,
00450.HK,2001,4,2001-03-31,2001-03-31,215863286.40,,204331175.40,-94768160.40,,83236049.40,,2026-07-09 01:14:51.037122+08:00,
00451.HK,2001,4,2001-03-31,2001-03-31,10238666.67,,-14659634.36,-14531158.26,,-10367142.77,,2026-07-09 01:14:51.172977+08:00,
00451.HK,2001,2,2001-09-30,2001-09-30,34514958.80,,8719114.72,-46605897.36,,20810053.28,,2026-07-09 09:11:05.573016+08:00,
00455.HK,2001,2,2001-09-30,2001-09-30,7430855.03,,-897017.75,-8327872.78,,,,2026-07-09 09:11:05.916876+08:00,
00455.HK,2001,4,2001-03-31,2001-03-31,869860.82,,-47598449.04,-48682778.46,,-39806.75,,2026-07-09 01:14:51.396127+08:00,
00472.HK,2001,4,2001-06-30,2001-06-30,-21782721.80,,-86848083.77,-66694222.25,,1628860.29,,2026-07-09 01:14:53.645891+08:00,
00476.HK,2001,2,2001-09-30,2001-09-30,-18800506.20,,-21055973.40,-2150537.10,,-104930.10,,2026-07-09 09:11:09.211632+08:00,
00480.HK,2001,2,2001-09-30,2001-09-30,48225450.00,,-1052692680.00,-1069121130.00,,-33174870.00,,2026-07-09 09:11:09.408769+08:00,
00485.HK,2001,2,2001-09-30,2001-09-30,21906981.95,,5413934.22,-21181334.13,,4684982.70,,2026-07-09 09:11:11.152661+08:00,
00485.HK,2001,4,2001-03-31,2001-03-31,-37118660.94,,-47159942.24,-103637065.96,,93598897.75,,2026-07-09 01:14:56.089695+08:00,
00487.HK,2001,4,2001-06-30,2001-06-30,-110729852.80,,10231029.20,16023058.80,,104937823.20,,2026-07-09 01:14:56.270327+08:00,
00495.HK,2001,2,2001-12-31,2001-12-31,-41205370.60,,489997.20,-12727.20,,41708095.00,,2026-07-09 09:11:12.770994+08:00,
00495.HK,2001,4,2001-06-30,2001-06-30,-33008626.00,,465866.80,-8771879.20,,42246372.00,,2026-07-09 01:14:57.839393+08:00,
00497.HK,2001,2,2001-09-30,2001-09-30,17298627.90,,-61531434.60,-95152522.50,,16322460.00,,2026-07-09 09:11:12.853881+08:00,
00497.HK,2001,4,2001-03-31,2001-03-31,97364344.80,,303520066.80,50875024.80,,154016569.80,,2026-07-09 01:14:58.128873+08:00,
00498.HK,2001,4,2001-03-31,2001-03-31,418557783.00,,-726178038.00,-454031893.80,,-690703927.20,,2026-07-09 01:14:58.520253+08:00,
00498.HK,2001,2,2001-09-30,2001-09-30,-47398728.00,,-297016836.90,-136387932.00,,-113230176.90,,2026-07-09 09:11:13.644589+08:00,
00499.HK,2001,2,2001-09-30,2001-09-30,-2923204.20,,18096732.60,39499293.30,,-18479356.50,,2026-07-09 09:11:14.185617+08:00,
00499.HK,2001,4,2001-03-31,2001-03-31,25159425.60,,164517.00,-26225071.20,,1230162.60,,2026-07-09 01:14:58.770158+08:00,
00508.HK,2001,4,2001-03-31,2001-03-31,-3150235.20,,-23171423.40,-15468843.60,,-1937055.00,,2026-07-09 01:14:59.713080+08:00,
00508.HK,2001,2,2001-09-30,2001-09-30,-26211327.00,,-59466749.40,-31401657.30,,-2759979.60,,2026-07-09 09:11:15.365402+08:00,
00509.HK,2001,4,2001-12-31,2001-12-31,-338000.00,,-1000.00,-729000.00,,1066000.00,,2026-07-09 01:14:59.815880+08:00,
00511.HK,2001,2,2001-06-30,2001-06-30,21419260.80,,-196600034.40,-304189796.40,,82112472.40,,2026-07-09 09:11:16.196209+08:00,
00513.HK,2001,4,2001-06-30,2001-06-30,43491159.60,,5818559.60,-37866799.60,,,,2026-07-09 01:15:00.986286+08:00,
00518.HK,2001,4,2001-03-31,2001-03-31,150594616.20,,126300231.60,-12931036.20,,-11233857.60,,2026-07-09 01:15:01.721586+08:00,
00518.HK,2001,2,2001-09-30,2001-09-30,16310801.10,,17730007.20,-8640304.80,,10109326.20,,2026-07-09 09:11:17.179968+08:00,
00519.HK,2001,4,2001-06-30,2001-06-30,-40553758.00,,-116119687.60,53954591.60,,-129520521.20,,2026-07-09 01:15:02.579398+08:00,
00519.HK,2001,2,2001-12-31,2001-12-31,-4645428.00,,-15386124.20,-68513699.40,,57773003.20,,2026-07-09 09:11:17.459109+08:00,
00522.HK,2001,4,2001-12-31,2001-12-31,-43748689.40,,-180611695.20,-162109528.20,,30381947.60,,2026-07-09 01:15:03.408279+08:00,
00522.HK,2001,2,2001-06-30,2001-06-30,87523531.20,,-37707619.60,-115559374.00,,,,2026-07-09 09:11:18.502444+08:00,
00526.HK,2001,4,2001-03-31,2001-03-31,34693981.80,,161292466.80,-23732904.00,,-12669931.80,,2026-07-09 01:15:03.981794+08:00,
00526.HK,2001,2,2001-09-30,2001-09-30,27380396.70,,-1514597.10,-8568231.60,,-20326762.20,,2026-07-09 09:11:19.127164+08:00,
00547.HK,2001,4,2001-12-31,2001-12-31,-35642523.60,,-44164444.60,-8521921.00,,,,2026-07-09 01:15:06.762856+08:00,
00547.HK,2001,2,2001-06-30,2001-06-30,-16585494.80,,-21620888.80,-5035394.00,,,,2026-07-09 09:11:21.927883+08:00,
00559.HK,2001,4,2001-12-31,2001-12-31,-16131726.00,,-51969.40,-18093836.00,,34041017.60,,2026-07-09 01:15:08.758312+08:00,
00559.HK,2001,2,2001-06-30,2001-06-30,-11832380.00,,-3262128.80,-348073.60,,8886488.80,,2026-07-09 09:11:24.478520+08:00,
00563.HK,2001,2,2001-10-31,2001-10-31,-24752282.80,,-149697326.40,-179255187.80,,54310144.20,,2026-07-09 09:11:24.660885+08:00,
00563.HK,2001,4,2001-04-30,2001-04-30,-18576250.00,,117818008.00,-387829640.00,,524375692.50,,2026-07-09 01:15:09.377231+08:00,
00567.HK,2001,4,2001-03-31,2001-03-31,-4905790.80,,-39494694.00,-45406692.00,,10817788.80,,2026-07-09 01:15:10.046925+08:00,
00567.HK,2001,2,2001-09-30,2001-09-30,5973596.40,,-25571147.40,-25748150.70,,-6434652.90,,2026-07-09 09:11:25.482404+08:00,
00568.HK,2001,4,2001-12-31,2001-12-31,19670000.00,,15753000.00,-16510000.00,,12593000.00,,2026-07-09 01:15:10.569365+08:00,
00575.HK,2001,4,2001-03-31,2001-03-31,-190499312.70,,-104889270.90,39179300.70,,46430741.10,,2026-07-09 01:15:11.185862+08:00,
00575.HK,2001,2,2001-09-30,2001-09-30,-31741911.50,,97899173.20,128937548.20,,,,2026-07-09 09:11:26.981884+08:00,
00590.HK,2001,2,2001-09-30,2001-09-30,37017007.50,,19924000.20,-18622443.00,,1529435.70,,2026-07-09 09:11:30.559700+08:00,
00590.HK,2001,4,2001-03-31,2001-03-31,36565230.00,,25714537.80,-16616217.00,,5765524.80,,2026-07-09 01:15:13.970612+08:00,
00595.HK,2001,2,2001-09-30,2001-09-30,21778825.20,,17838117.00,-4715495.10,,774786.90,,2026-07-09 09:11:30.357500+08:00,
00596.HK,2001,4,2001-12-31,2001-12-31,-6085722.80,,-5155576.60,78484.40,,851661.80,,2026-07-09 01:15:14.616747+08:00,
00599.HK,2001,2,2001-09-30,2001-09-30,1484919.90,,-23326279.20,-1714918.20,,-23096280.90,,2026-07-09 09:11:31.779100+08:00,
00601.HK,2001,2,2001-09-30,2001-09-30,42141624.00,,79185129.00,-18995527.80,,56057051.10,,2026-07-09 09:11:32.136947+08:00,
00601.HK,2001,4,2001-03-31,2001-03-31,-88718180.40,,-109276437.00,-72044647.80,,51535215.60,,2026-07-09 01:15:15.672987+08:00,
00603.HK,2001,4,2001-03-31,2001-03-31,15223660.20,,-670336722.60,-668722333.20,,-16832742.60,,2026-07-09 01:15:16.505820+08:00,
00608.HK,2001,4,2001-09-30,2001-09-30,48266786.10,,-24120144.30,-134243754.30,,60684574.50,,2026-07-09 01:15:17.610544+08:00,
00610.HK,2001,4,2001-03-31,2001-03-31,-87915762.00,,20734449.00,-55083475.80,,163581906.60,,2026-07-09 01:15:17.629167+08:00,
00610.HK,2001,2,2001-09-30,2001-09-30,88229255.70,,-60303010.50,-155724747.60,,7192481.40,,2026-07-09 09:11:34.441453+08:00,
00611.HK,2001,4,2001-03-31,2001-03-31,-7295002.20,,-24815532.00,-26619912.00,,9099382.20,,2026-07-09 01:15:17.893495+08:00,
00620.HK,2001,4,2001-07-31,2001-07-31,31771704.80,,-689260.00,-12838262.80,,-19403199.20,,2026-07-09 01:15:19.246040+08:00,
00620.HK,2001,2,2001-01-31,2001-01-31,9507546.40,,-2120.80,-1464412.40,,-5655113.20,,2026-07-09 09:11:36.332305+08:00,
00621.HK,2001,2,2001-09-30,2001-09-30,8514176.70,,-783266.10,-17475631.20,,8178188.40,,2026-07-09 09:11:36.516099+08:00,
00622.HK,2001,2,2001-06-30,2001-06-30,48400270.80,,24082872.80,-39524394.00,,15206996.00,,2026-07-09 09:11:36.888931+08:00,
00622.HK,2001,4,2001-12-31,2001-12-31,-7342533.80,,46952762.00,53402270.60,,893025.20,,2026-07-09 01:15:19.625149+08:00,
00627.HK,2001,2,2001-09-30,2001-09-30,16782456.60,,-25653819.60,-45205794.90,,2769518.70,,2026-07-09 09:11:37.796814+08:00,
00645.HK,2001,4,2001-03-31,2001-03-31,90290113.80,,79631535.00,-10658578.80,,,,2026-07-09 01:15:23.838280+08:00,
00645.HK,2001,2,2001-09-30,2001-09-30,41021309.70,,38940726.00,-2080583.70,,,,2026-07-09 09:11:40.795502+08:00,
00648.HK,2001,4,2001-06-30,2001-06-30,-97700439.20,,-118190088.80,-266128797.20,,245719798.80,,2026-07-09 01:15:23.542724+08:00,
00650.HK,2001,4,2001-03-31,2001-03-31,-18038493.00,,-90982146.60,-85164613.20,,12220959.60,,2026-07-09 01:15:23.692426+08:00,
00650.HK,2001,2,2001-09-30,2001-09-30,-12524838.30,,-11662079.70,-4797107.40,,5659866.00,,2026-07-09 09:11:41.198175+08:00,
00657.HK,2001,2,2001-09-30,2001-09-30,-5384292.00,,-9564537.60,-1691600.40,,-2488645.20,,2026-07-09 09:11:42.098568+08:00,
00657.HK,2001,4,2001-03-31,2001-03-31,-7566720.60,,21520946.40,-11003533.80,,40091200.80,,2026-07-09 01:15:25.110893+08:00,
00659.HK,2001,2,2001-12-31,2001-12-31,178938068.40,,390322012.00,207101240.80,,4282702.80,,2026-07-09 09:11:42.397620+08:00,
00673.HK,2001,2,2001-09-30,2001-09-30,-81584742.60,,91107944.10,-31309446.00,,204002132.70,,2026-07-09 09:11:45.131962+08:00,
00674.HK,2001,4,2001-03-31,2001-03-31,-16991921.82,,-110107779.61,-80701617.25,,-12414240.54,,2026-07-09 01:15:27.579733+08:00,
00675.HK,2001,2,2001-06-30,2001-06-30,17028831.26,,10038803.43,-4090940.86,,-2899086.97,,2026-07-09 09:11:45.765763+08:00,
00677.HK,2001,4,2001-03-31,2001-03-31,18687008.40,,-40397945.40,-129009985.80,,69925032.00,,2026-07-09 01:15:28.562585+08:00,
00677.HK,2001,2,2001-09-30,2001-09-30,77831636.70,,49586361.60,-27138739.50,,-1106535.60,,2026-07-09 09:11:46.068941+08:00,
00679.HK,2001,2,2001-09-30,2001-09-30,-14460215.70,,-23997195.90,-3575042.70,,-5961937.50,,2026-07-09 09:11:46.368912+08:00,
00679.HK,2001,4,2001-03-31,2001-03-31,-47217514.70,,-111293403.74,-131525920.93,,67450031.88,,2026-07-09 01:15:28.782563+08:00,
00684.HK,2001,2,2001-09-30,2001-09-30,9161775.60,,-18828063.60,-24430695.00,,-3559144.20,,2026-07-09 09:11:47.703235+08:00,
00684.HK,2001,4,2001-03-31,2001-03-31,74444473.20,,20883045.00,-55126993.20,,1565565.00,,2026-07-09 01:15:29.858336+08:00,
00685.HK,2001,2,2001-09-30,2001-09-30,-30403231.50,,-73277246.40,-10496189.70,,-32043956.70,,2026-07-09 09:11:47.865498+08:00,
00685.HK,2001,4,2001-03-31,2001-03-31,59709057.00,,101294709.00,73161240.60,,-33039259.20,,2026-07-09 01:15:30.244932+08:00,
00687.HK,2001,2,2001-09-30,2001-09-30,76817312.40,,58652746.20,-63031193.10,,45214274.10,,2026-07-09 09:11:48.008856+08:00,
00687.HK,2001,4,2001-03-31,2001-03-31,114362665.80,,-40223875.80,-67722627.00,,-86368240.80,,2026-07-09 01:15:30.662959+08:00,
00690.HK,2001,2,2001-09-30,2001-09-30,9347258.10,,1849525.50,-822482.40,,-6675250.20,,2026-07-09 09:11:49.439897+08:00,
00698.HK,2001,4,2001-12-31,2001-12-31,42907633.60,,-15421124.00,-42331727.80,,-15997029.80,,2026-07-09 01:15:32.704388+08:00,
00700.HK,2001,4,2001-12-31,2001-12-31,20756000.00,,17814000.00,-11061000.00,,8119000.00,,2026-07-09 01:12:43.467808+08:00,
00711.HK,2001,2,2001-09-30,2001-09-30,-45529064.40,,-107737775.10,-262927273.20,,200718562.50,,2026-07-09 09:11:52.722785+08:00,
00711.HK,2001,4,2001-03-31,2001-03-31,35316004.66,,48347138.31,-805560841.34,,818571211.88,,2026-07-09 01:15:34.301610+08:00,
00718.HK,2001,2,2001-09-30,2001-09-30,20553580.80,,30144615.90,1829387.40,,7761647.70,,2026-07-09 09:11:53.809416+08:00,
00721.HK,2001,2,2001-12-31,2001-12-31,-3217031.01,,-29784645.26,-26567614.24,,,,2026-07-09 09:11:54.421214+08:00,
00723.HK,2001,4,2001-03-31,2001-03-31,14861722.80,,-23434650.60,-21961427.40,,-16224560.40,,2026-07-09 01:15:36.642957+08:00,
00724.HK,2001,2,2001-12-31,2001-12-31,198332.20,,-2482864.60,-2597409.40,,-83787.40,,2026-07-09 09:11:55.207766+08:00,
00726.HK,2001,4,2001-03-31,2001-03-31,-12789870.00,,-24764584.80,-8619629.40,,-6450127.80,,2026-07-09 01:15:37.549153+08:00,
00726.HK,2001,2,2001-09-30,2001-09-30,-1546394.10,,-6563960.70,-699534.00,,-4247019.30,,2026-07-09 09:11:55.734225+08:00,
00727.HK,2001,4,2001-03-31,2001-03-31,-93973171.80,,-59044620.60,36281836.20,,-1353285.00,,2026-07-09 01:15:37.740746+08:00,
00727.HK,2001,2,2001-09-30,2001-09-30,-108904725.00,,-137371519.20,-26202847.80,,-2263946.40,,2026-07-09 09:11:55.905069+08:00,
00731.HK,2001,2,2001-09-30,2001-09-30,-44512620.30,,1704319.20,-3324906.30,,49541845.80,,2026-07-09 09:11:56.427000+08:00,
00733.HK,2001,4,2001-12-31,2001-12-31,30301342.00,,1919686.00,-5640270.80,,-22741385.20,,2026-07-09 01:15:38.885913+08:00,
00736.HK,2001,2,2001-09-30,2001-09-30,-11399199.06,,-4472002.15,1168217.54,,5758979.37,,2026-07-09 09:11:57.170905+08:00,
00738.HK,2001,4,2001-02-28,2001-02-28,-18151413.90,,-72749992.40,-17922173.10,,-36676405.40,,2026-07-09 01:15:39.936366+08:00,
00738.HK,2001,2,2001-08-31,2001-08-31,-8035406.40,,-14339995.60,-7536642.40,,1232053.20,,2026-07-09 09:11:57.887816+08:00,
00751.HK,2001,2,2001-09-30,2001-09-30,-370408552.50,,-469865328.90,-98501806.50,,-493913.40,,2026-07-09 09:11:59.726023+08:00,
00751.HK,2001,4,2001-03-31,2001-03-31,152689819.80,,1103366694.60,-207968593.20,,1158858809.40,,2026-07-09 01:15:41.486029+08:00,
00752.HK,2001,2,2001-04-30,2001-04-30,73557704.00,,29156220.50,-7911359.50,,-32941529.50,,2026-07-09 09:11:59.726894+08:00,
00753.HK,2001,4,2001-12-31,2001-12-31,5538257000.00,,1356430000.00,-1719114000.00,,-2462713000.00,,2026-07-09 01:15:42.141546+08:00,
00759.HK,2001,4,2001-04-30,2001-04-30,36257655.50,,-54637528.00,-181314815.00,,90419631.50,,2026-07-09 01:15:43.740050+08:00,
00759.HK,2001,2,2001-10-31,2001-10-31,13438862.60,,-21705179.00,-49341233.20,,14197191.60,,2026-07-09 09:12:01.908508+08:00,
00763.HK,2001,4,2001-12-31,2001-12-31,236661000.00,,1097278000.00,-494336000.00,,1354953000.00,,2026-07-09 01:15:44.508533+08:00,
00768.HK,2001,4,2001-03-31,2001-03-31,-1519065.07,,-50422676.29,-50007918.32,,1104307.10,,2026-07-09 01:15:45.561457+08:00,
00768.HK,2001,2,2001-09-30,2001-09-30,-2437826.17,,-2793626.13,-355799.95,,,,2026-07-09 09:12:04.451846+08:00,
00771.HK,2001,2,2001-09-30,2001-09-30,-107248101.30,,-103414443.00,3296289.00,,972988.20,,2026-07-09 09:12:04.849182+08:00,
00828.HK,2001,4,2001-12-31,2001-12-31,182321000.00,,100955000.00,-19931000.00,,-61435000.00,,2026-07-09 01:15:55.760960+08:00,
00855.HK,2001,4,2001-03-31,2001-03-31,46204864.80,,-12743168.40,-64526751.60,,5578718.40,,2026-07-09 01:16:04.672402+08:00,
00855.HK,2001,2,2001-09-30,2001-09-30,-47039421.90,,8888321.40,-29368769.10,,85296512.40,,2026-07-09 09:12:20.374094+08:00,
00859.HK,2001,2,2001-09-30,2001-09-30,-48867749.40,,-53547207.90,-127188.00,,-4552270.50,,2026-07-09 09:12:21.612021+08:00,
00862.HK,2001,4,2001-12-31,2001-12-31,-60362988.40,,-71101563.40,-102743503.80,,92004928.80,,2026-07-09 01:16:06.528202+08:00,
00868.HK,2001,4,2001-12-31,2001-12-31,109247103.00,,19860795.60,-70050508.80,,-19335798.60,,2026-07-09 01:16:07.824624+08:00,
00875.HK,2001,4,2001-12-31,2001-12-31,-6579962.40,,32310118.40,10090548.40,,28799532.40,,2026-07-09 01:16:09.557539+08:00,
00888.HK,2001,4,2001-12-31,2001-12-31,49028356.20,,578269877.40,-142178733.00,,671420254.20,,2026-07-09 01:16:11.660012+08:00,
00897.HK,2001,4,2001-03-31,2001-03-31,-239876.40,,-5167956.60,-5747481.00,,819400.80,,2026-07-09 01:16:12.976534+08:00,
00897.HK,2001,2,2001-09-30,2001-09-30,-25654879.50,,5608990.80,-2624312.40,,33888182.70,,2026-07-09 09:12:29.118726+08:00,
00900.HK,2001,4,2001-02-20,2001-02-20,67448846.40,,173742067.20,-52826779.20,,159120000.00,,2026-07-09 01:16:13.722923+08:00,
00900.HK,2001,2,2001-08-20,2001-08-20,-81789229.60,,-151089894.20,-16270664.60,,-53030000.00,,2026-07-09 09:12:29.990957+08:00,
00907.HK,2001,4,2001-03-31,2001-03-31,73426590.60,,26201720.40,-43938775.80,,-3286094.40,,2026-07-09 01:16:14.485331+08:00,
00907.HK,2001,2,2001-09-30,2001-09-30,60105869.10,,57872659.80,-7427779.20,,5194569.90,,2026-07-09 09:12:30.708703+08:00,
00910.HK,2001,4,2001-06-30,2001-06-30,4054845.20,,-3183600.00,-66578626.80,,59340181.60,,2026-07-09 01:16:15.056946+08:00,
00922.HK,2001,4,2001-03-31,2001-03-31,1450933.80,,697339.80,-17553433.20,,17275346.40,,2026-07-09 01:16:17.680074+08:00,
00929.HK,2001,4,2001-12-31,2001-12-31,23706531.20,,9801004.60,-12276445.00,,-1629081.60,,2026-07-09 01:16:19.412291+08:00,
00931.HK,2001,4,2001-12-31,2001-12-31,-179338975.20,,-24007741.60,-37016000.60,,192347234.20,,2026-07-09 01:16:19.411950+08:00,
00933.HK,2001,4,2001-07-31,2001-07-31,-68195927.32,,101262251.16,144982378.79,,24475799.69,,2026-07-09 01:16:20.459114+08:00,
00945.HK,2001,4,2001-12-31,2001-12-31,-2732000000.00,,1281000000.00,2153000000.00,,1860000000.00,,2026-07-09 01:16:21.855569+08:00,
00952.HK,2001,4,2001-03-31,2001-03-31,-92044608.00,,211859685.60,-5347333.20,,309251626.80,,2026-07-09 01:16:23.080548+08:00,
00952.HK,2001,2,2001-09-30,2001-09-30,-29734434.60,,-105923226.30,-73506184.80,,-2682606.90,,2026-07-09 09:12:40.039046+08:00,
00970.HK,2001,2,2001-09-30,2001-09-30,-4432501.80,,235297.80,-1612107.90,,6279907.50,,2026-07-09 09:12:42.195419+08:00,
00970.HK,2001,4,2001-03-31,2001-03-31,-35902916.40,,-7819333.80,-9033575.40,,37117158.00,,2026-07-09 01:16:25.403833+08:00,
00981.HK,2001,4,2001-12-31,2001-12-31,27809376.00,,700448658.00,-4153024071.40,,4826515843.20,,2026-07-09 01:16:26.873066+08:00,
00984.HK,2001,2,2001-08-31,2001-08-31,-914754.40,,-47928036.80,-50821929.20,,,,2026-07-09 09:12:44.521347+08:00,
00986.HK,2001,2,2001-09-30,2001-09-30,-9940802.10,,-7440498.00,-12478202.70,,14809982.70,,2026-07-09 09:12:45.266391+08:00,
00993.HK,2001,2,2001-10-31,2001-10-31,20578821.80,,3856341.60,-12040991.80,,-4681488.40,,2026-07-09 09:12:47.245707+08:00,
00993.HK,2001,4,2001-04-30,2001-04-30,-42963151.00,,-106188214.00,-97841639.50,,34616576.50,,2026-07-09 01:16:28.838221+08:00,
01000.HK,2001,4,2001-12-31,2001-12-31,69477000.00,,134071000.00,-15869000.00,,80463000.00,,2026-07-09 01:16:30.996212+08:00,
01001.HK,2001,2,2001-09-30,2001-09-30,-83774496.00,,-122292321.90,-37397511.60,,-324329.40,,2026-07-09 09:12:48.692156+08:00,
01004.HK,2001,2,2001-09-30,2001-09-30,32638560.60,,42554985.00,1661923.20,,8254501.20,,2026-07-09 09:12:49.870600+08:00,
01009.HK,2001,4,2001-03-31,2001-03-31,-79414724.94,,-2066692.27,-77645267.13,,154993299.80,,2026-07-09 01:16:33.409843+08:00,
01036.HK,2001,2,2001-09-30,2001-09-30,41011770.60,,-23500102.80,30551617.50,,-95063490.90,,2026-07-09 09:12:55.623913+08:00,
01037.HK,2001,2,2001-09-30,2001-09-30,5689543.20,,4614804.60,-475895.10,,-497093.10,,2026-07-09 09:12:55.895818+08:00,
01047.HK,2001,2,2001-12-31,2001-12-31,32060877.40,,23774409.60,-5959511.40,,-2326956.40,,2026-07-09 09:12:57.416297+08:00,
01050.HK,2001,2,2001-09-30,2001-09-30,104684203.20,,113688053.70,11396044.80,,-2392194.30,,2026-07-09 09:12:57.596187+08:00,
01051.HK,2001,4,2001-06-30,2001-06-30,-76203710.80,,-62987526.00,-64414840.00,,77631024.80,,2026-07-09 01:16:39.817468+08:00,
01060.HK,2001,4,2001-03-31,2001-03-31,-13666964.26,,-13815406.36,-4146.89,,-144295.21,,2026-07-09 01:16:45.571249+08:00,
01061.HK,2001,4,2001-12-31,2001-12-31,-2421540.71,,25019258.09,-5882930.78,,33384357.72,,2026-07-09 01:16:45.573532+08:00,
01063.HK,2001,2,2001-06-30,2001-06-30,-10904891.20,,12541261.60,-6748170.80,,30109427.60,,2026-07-09 09:13:00.382603+08:00,
01066.HK,2001,4,2001-12-31,2001-12-31,8302000.00,,1788000.00,-56028000.00,,49514000.00,,2026-07-09 01:16:47.760182+08:00,
01083.HK,2001,4,2001-12-31,2001-12-31,-24165771.00,,-12697503.20,-51426372.80,,62894640.60,,2026-07-09 01:16:50.139577+08:00,
01098.HK,2001,2,2001-06-30,2001-06-30,27905315.20,,90699702.80,196532117.60,,-133737730.00,,2026-07-09 09:13:07.852913+08:00,
01098.HK,2001,4,2001-12-31,2001-12-31,42141880.40,,660173651.80,1055049880.20,,-437018108.80,,2026-07-09 01:16:54.364050+08:00,
01100.HK,2001,4,2001-12-31,2001-12-31,30795581.60,,19913825.60,-10645242.20,,-236513.80,,2026-07-09 01:16:54.522881+08:00,
01102.HK,2001,4,2001-07-31,2001-07-31,-6701235.97,,2226677.76,-4592188.39,,13520102.12,,2026-07-09 01:16:55.557841+08:00,
01105.HK,2001,2,2001-09-30,2001-09-30,-86441204.40,,26087318.70,20101003.50,,92183742.60,,2026-07-09 09:13:09.665881+08:00,
01105.HK,2001,4,2001-03-31,2001-03-31,-34578289.20,,29504797.20,-566155005.60,,630238092.00,,2026-07-09 01:16:55.817941+08:00,
01116.HK,2001,4,2001-12-31,2001-12-31,-14521000.00,,-11271000.00,-23155000.00,,26405000.00,,2026-07-09 01:16:58.632557+08:00,
01123.HK,2001,2,2001-09-30,2001-09-30,-76751598.60,,-137880271.20,-60704712.60,,-400642.20,,2026-07-09 09:13:13.583735+08:00,
01126.HK,2001,4,2001-12-31,2001-12-31,79836665.00,,68538093.20,5002850.20,,-16301422.00,,2026-07-09 01:17:00.947231+08:00,
01129.HK,2001,4,2001-12-31,2001-12-31,15065823.00,,-1700141.80,-11958265.00,,-4807699.80,,2026-07-09 01:17:01.573562+08:00,
01130.HK,2001,4,2001-06-30,2001-06-30,20646707.20,,-9624022.80,-31475192.00,,1204462.00,,2026-07-09 01:17:02.503266+08:00,
01132.HK,2001,2,2001-12-31,2001-12-31,-49635019.40,,-55384532.00,-5666785.80,,-82726.80,,2026-07-09 09:13:16.122110+08:00,
01166.HK,2001,2,2001-09-30,2001-09-30,24360741.60,,-3254952.90,-117612863.40,,89997168.90,,2026-07-09 09:13:22.613298+08:00,
01166.HK,2001,4,2001-03-31,2001-03-31,67706706.00,,24145788.60,-215004613.80,,171443696.40,,2026-07-09 01:17:08.122408+08:00,
01170.HK,2001,4,2001-03-31,2001-03-31,5350517.40,,-31089467.40,-76074783.60,,39478773.00,,2026-07-09 01:17:08.919037+08:00,
01170.HK,2001,2,2001-09-30,2001-09-30,-33359292.60,,-103232140.20,-63741326.10,,-4941253.80,,2026-07-09 09:13:23.139853+08:00,
01182.HK,2001,4,2001-03-31,2001-03-31,-84406773.60,,-69364612.80,11354857.20,,3743557.80,,2026-07-09 01:17:10.768343+08:00,
01182.HK,2001,2,2001-09-30,2001-09-30,-2438829.90,,-8515236.60,-9667347.90,,3418177.50,,2026-07-09 09:13:25.123682+08:00,
01195.HK,2001,2,2001-12-31,2001-12-31,13134000.00,,-10970000.00,-24379000.00,,275000.00,,2026-07-09 09:13:26.580426+08:00,
01195.HK,2001,4,2001-06-30,2001-06-30,72335000.00,,59963000.00,-30214000.00,,17842000.00,,2026-07-09 01:17:12.062750+08:00,
01218.HK,2001,2,2001-09-30,2001-09-30,-39953990.40,,22041680.40,3550665.00,,58445005.80,,2026-07-09 09:13:30.261835+08:00,
01221.HK,2001,4,2001-06-30,2001-06-30,63727132.52,,-3648744.12,-32714269.28,,-34661607.36,,2026-07-09 01:17:15.996709+08:00,
01221.HK,2001,2,2001-12-31,2001-12-31,-134162693.81,,-16298900.95,114757013.33,,3106779.52,,2026-07-09 09:13:31.151701+08:00,
01222.HK,2001,4,2001-03-31,2001-03-31,6316391.40,,-48542067.60,-123907836.00,,69049377.00,,2026-07-09 01:17:15.999643+08:00,
01229.HK,2001,4,2001-03-31,2001-03-31,-3811487.40,,-4755072.00,-1795888.80,,852304.20,,2026-07-09 01:17:17.039143+08:00,
01229.HK,2001,2,2001-09-30,2001-09-30,-17161900.80,,-17188398.30,-927412.50,,900915.00,,2026-07-09 09:13:32.220306+08:00,
01265.HK,2001,4,2001-12-31,2001-12-31,15684175.00,,23677820.00,-2604763.00,,10598408.00,,2026-07-09 01:17:24.128327+08:00,
01708.HK,2001,4,2001-12-31,2001-12-31,5823000.00,,25920000.00,-20660000.00,,40757000.00,,2026-07-09 01:18:40.915363+08:00,
02038.HK,2001,4,2001-12-31,2001-12-31,6389535.20,,26692035.00,-103846500.20,,124149000.00,,2026-07-09 01:20:09.431243+08:00,
02086.HK,2001,4,2001-12-31,2001-12-31,417876.40,,-1535748.80,-5070728.60,,3117103.40,,2026-07-09 01:20:12.208581+08:00,
02218.HK,2001,4,2001-12-31,2001-12-31,8121000.00,,8050000.00,-35567000.00,,35496000.00,,2026-07-09 01:20:38.389712+08:00,
02280.HK,2001,4,2001-12-31,2001-12-31,15776000.00,,8521000.00,-12569000.00,,5314000.00,,2026-07-09 01:20:50.692776+08:00,
02307.HK,2001,4,2001-12-31,2001-12-31,14448553.80,,-12131142.80,-43286267.80,,16706571.20,,2026-07-09 01:21:10.885883+08:00,
02314.HK,2001,4,2001-03-31,2001-03-31,57154267.20,,-2431667.40,-232849932.00,,173263997.40,,2026-07-09 01:21:11.917030+08:00,
02318.HK,2001,4,2001-12-31,2001-12-31,26406334000.00,,-1048411000.00,-30566737000.00,,3111992000.00,,2026-07-09 01:21:13.019345+08:00,
02327.HK,2001,4,2001-03-31,2001-03-31,8152613.40,,13798200.00,-488244.00,,6133830.60,,2026-07-09 01:21:14.285974+08:00,
02330.HK,2001,2,2001-12-31,2001-12-31,23435000.00,,-8241000.00,-33676000.00,,2000000.00,,2026-07-09 09:17:09.576690+08:00,
02330.HK,2001,4,2001-06-30,2001-06-30,51130000.00,,40891000.00,-47661000.00,,37422000.00,,2026-07-09 01:21:14.998756+08:00,
02331.HK,2001,4,2001-12-31,2001-12-31,29312000.00,,1810000.00,-10115000.00,,-17387000.00,,2026-07-09 01:21:15.110345+08:00,
02338.HK,2001,4,2001-12-31,2001-12-31,111854000.00,,,-101237000.00,,-10617000.00,,2026-07-09 01:21:16.151183+08:00,
02339.HK,2001,4,2001-03-31,2001-03-31,35309000.00,,34543000.00,-6774000.00,,6008000.00,,2026-07-09 01:21:16.503304+08:00,
02343.HK,2001,4,2001-12-31,2001-12-31,192513716.00,,7448940.00,-695673059.80,,510608283.80,,2026-07-09 01:21:17.204980+08:00,
02356.HK,2001,4,2001-12-31,2001-12-31,-445972754.60,,-317692124.00,-108838772.00,,237119402.60,,2026-07-09 01:21:20.876946+08:00,
02358.HK,2001,4,2001-12-31,2001-12-31,67978096.40,,34833285.80,-25531823.80,,-7612986.80,,2026-07-09 01:21:22.749288+08:00,
02362.HK,2001,4,2001-12-31,2001-12-31,37083879.00,,196441150.20,-7802834.20,,167198287.00,,2026-07-09 01:21:22.489797+08:00,
02368.HK,2001,4,2001-03-31,2001-03-31,22474083.60,,3307322.40,-17248811.40,,-1923256.80,,2026-07-09 01:21:23.968884+08:00,
02369.HK,2001,4,2001-12-31,2001-12-31,-2890000.00,,2065000.00,-3488000.00,,8443000.00,,2026-07-09 01:21:23.846684+08:00,
02371.HK,2001,4,2001-12-31,2001-12-31,10274457.00,,21530966.00,-3864075.00,,15120584.00,,2026-07-09 01:21:24.891429+08:00,
02380.HK,2001,4,2001-12-31,2001-12-31,575793000.00,,1180000.00,-184606000.00,,-390007000.00,,2026-07-09 01:21:26.768595+08:00,
02678.HK,2001,4,2001-12-31,2001-12-31,60981000.00,,-4790000.00,-66410000.00,,639000.00,,2026-07-09 01:22:30.204155+08:00,
02866.HK,2001,4,2001-12-31,2001-12-31,-379128000.00,,-34921000.00,-550582000.00,,894789000.00,,2026-07-09 01:22:41.081238+08:00,
02877.HK,2001,4,2001-12-31,2001-12-31,150410000.00,,214267000.00,-62449000.00,,126306000.00,,2026-07-09 01:22:41.439089+08:00,
02878.HK,2001,4,2001-12-31,2001-12-31,7374450.60,,35945273.80,-6215726.60,,34786549.80,,2026-07-09 01:22:41.590029+08:00,
03633.HK,2001,2,2001-12-31,2001-12-31,-2539076.40,,-4713306.40,-1643930.00,,-530300.00,,2026-07-09 09:18:47.023332+08:00,
03633.HK,2001,4,2001-06-30,2001-06-30,3792728.80,,15278096.40,-1169442.40,,12654810.00,,2026-07-09 01:22:59.973777+08:00,
03886.HK,2001,4,2001-03-31,2001-03-31,6587037.79,,29523906.65,-103941117.79,,126877986.65,,2026-07-09 01:23:18.851189+08:00,
08019.HK,2001,4,2001-12-31,2001-12-31,1027000.00,,18047000.00,-40229000.00,,57249000.00,,2026-07-09 01:24:27.532720+08:00,
08021.HK,2001,4,2001-04-30,2001-04-30,10806070.00,,45644.50,-6602530.00,,-4157895.50,,2026-07-09 01:24:28.458609+08:00,
08021.HK,2001,2,2001-10-31,2001-10-31,10856301.60,,-1230296.00,-12299778.20,,213180.60,,2026-07-09 09:20:10.952226+08:00,
08026.HK,2001,4,2001-03-31,2001-03-31,-92771667.00,,-219216249.00,-122674489.20,,-3770092.80,,2026-07-09 01:24:28.647485+08:00,
08029.HK,2001,4,2001-03-31,2001-03-31,-5577146.47,,18834866.73,-951154.50,,25363167.70,,2026-07-09 01:24:29.836428+08:00,
08037.HK,2001,4,2001-09-30,2001-09-30,-25829763.00,,2571317.40,-10700750.40,,39101830.80,,2026-07-09 01:24:31.407170+08:00,
08050.HK,2001,4,2001-03-31,2001-03-31,-11713610.40,,87187641.60,-40461629.40,,139362881.40,,2026-07-09 01:24:33.691726+08:00,
08051.HK,2001,4,2001-06-30,2001-06-30,-3466940.40,,19366900.00,-1992933.60,,24826774.00,,2026-07-09 01:24:33.745069+08:00,
08051.HK,2001,2,2001-12-31,2001-12-31,-4097097.80,,-10193426.60,-6426175.40,,329846.60,,2026-07-09 09:20:16.181090+08:00,
08060.HK,2001,4,2001-03-31,2001-03-31,3062139.00,,1282171.20,-1567687.80,,-212280.00,,2026-07-09 01:24:35.494233+08:00,
08066.HK,2001,4,2001-12-31,2001-12-31,20576894.69,,38385541.71,-7630560.94,,25439207.97,,2026-07-09 01:24:36.359520+08:00,
08076.HK,2001,4,2001-12-31,2001-12-31,-3989000.00,,52103000.00,-7904000.00,,63992000.00,,2026-07-09 01:24:38.412769+08:00,
08079.HK,2001,4,2001-10-31,2001-10-31,-139999.20,,29273620.60,-11645388.00,,41059007.80,,2026-07-09 01:24:38.450633+08:00,
08092.HK,2001,4,2001-03-31,2001-03-31,-852712.84,,39035791.34,-1197721.97,,41086226.15,,2026-07-09 01:24:40.011013+08:00,
08100.HK,2001,2,2001-12-31,2001-12-31,-3807554.00,,26944543.00,5276485.00,,25475612.00,,2026-07-09 09:20:23.996388+08:00,
08103.HK,2001,4,2001-03-31,2001-03-31,-23672404.20,,27840522.00,-82431508.20,,134035714.80,,2026-07-09 01:24:42.490332+08:00,
08111.HK,2001,4,2001-03-31,2001-03-31,-37450437.60,,-29983488.60,-11196708.60,,18663657.60,,2026-07-09 01:24:43.229491+08:00,
08120.HK,2001,4,2001-07-31,2001-07-31,633058.80,,-1213097.60,-64114965.20,,62268808.80,,2026-07-09 01:24:44.875975+08:00,
08123.HK,2001,4,2001-12-31,2001-12-31,-9764948.44,,-8772214.12,-545139.92,,1537874.24,,2026-07-09 01:24:45.745749+08:00,
08128.HK,2001,4,2001-09-30,2001-09-30,-25460917.80,,1653444.00,-5258163.90,,32371465.80,,2026-07-09 01:24:46.264356+08:00,
08130.HK,2001,4,2001-03-31,2001-03-31,18995875.80,,18556456.20,-488244.00,,48824.40,,2026-07-09 01:24:47.236562+08:00,
08137.HK,2001,4,2001-12-31,2001-12-31,734995.80,,628935.80,-106060.00,,,,2026-07-09 01:24:48.309389+08:00,
08143.HK,2001,2,2001-09-30,2001-09-30,-4854013.43,,5877621.40,-1412334.77,,12143969.59,,2026-07-09 09:20:31.401104+08:00,
08143.HK,2001,4,2001-03-31,2001-03-31,-902192.12,,-36720.19,-883885.10,,1749357.02,,2026-07-09 01:24:48.889337+08:00,
08148.HK,2001,4,2001-12-31,2001-12-31,8565083.18,,-2604187.69,-8595411.03,,-2573859.84,,2026-07-09 01:24:49.648123+08:00,
08153.HK,2001,4,2001-03-31,2001-03-31,5071369.20,,30570442.80,-46701.60,,25545775.20,,2026-07-09 01:24:51.025773+08:00,
08156.HK,2001,4,2001-06-30,2001-06-30,1120627.20,,8489.60,,,-1112137.60,,2026-07-09 01:24:50.939357+08:00,
08158.HK,2001,2,2001-10-31,2001-10-31,-1617415.00,,17665353.60,-655450.80,,19938219.40,,2026-07-09 09:20:34.133861+08:00,
08159.HK,2001,4,2001-12-31,2001-12-31,-18262471.40,,814540.80,-3082103.60,,22172903.60,,2026-07-09 01:24:51.699098+08:00,
08169.HK,2001,4,2001-10-31,2001-10-31,11969931.60,,10264486.80,-1705444.80,,,,2026-07-09 01:24:53.951494+08:00,
08178.HK,2001,2,2001-09-30,2001-09-30,-1508237.70,,-4235360.40,-9086522.70,,6359400.00,,2026-07-09 09:20:37.482143+08:00,
08178.HK,2001,4,2001-03-31,2001-03-31,-4993887.00,,6890608.80,-8765041.20,,20458485.00,,2026-07-09 01:24:54.901481+08:00,
08186.HK,2001,2,2001-06-30,2001-06-30,17330519.81,,7316190.83,-10014328.98,,,,2026-07-09 09:20:38.022459+08:00,
08186.HK,2001,4,2001-12-31,2001-12-31,46373674.40,,28486655.40,-67122192.20,,49235173.20,,2026-07-09 01:24:55.352663+08:00,
08213.HK,2001,4,2001-03-31,2001-03-31,244122.00,,-5901384.00,-5419508.40,,-725997.60,,2026-07-09 01:25:03.678777+08:00,
08220.HK,2001,4,2001-03-31,2001-03-31,-2882762.40,,-68991.00,-450033.60,,3263805.00,,2026-07-09 01:25:05.370674+08:00,
08225.HK,2001,4,2001-12-31,2001-12-31,255689.00,,-1636620.00,-1566897.00,,-325412.00,,2026-07-09 01:25:06.316553+08:00,
08227.HK,2001,4,2001-12-31,2001-12-31,6424255.00,,14249269.00,-28809978.00,,36634992.00,,2026-07-09 01:25:06.738316+08:00,
08239.HK,2001,4,2001-03-31,2001-03-31,-1044422.91,,920031.07,-174732.98,,2139186.95,,2026-07-09 01:25:07.967919+08:00,
08249.HK,2001,4,2001-12-31,2001-12-31,14382000.00,,-181000.00,-38063000.00,,23500000.00,,2026-07-09 01:25:09.464148+08:00,
08270.HK,2001,4,2001-12-31,2001-12-31,7312000.00,,11728000.00,3816000.00,,600000.00,,2026-07-09 01:25:11.351754+08:00,
08271.HK,2001,4,2001-12-31,2001-12-31,-19857613.80,,359543.40,-14585371.20,,34799346.60,,2026-07-09 01:25:11.478431+08:00,
08286.HK,2001,4,2001-12-31,2001-12-31,4549000.00,,466000.00,-4761000.00,,678000.00,,2026-07-09 01:25:14.597327+08:00,
600999.SH,2001,4,2006-03-14,2006-03-14,793586372.00,,243924522.00,-65609174.00,,-484000000.00,,2026-05-05 03:15:51.967030+08:00,2026-05-05 13:07:59.303088+08:00
601808.SH,2001,4,2006-02-07,2006-02-07,NaN,,300000000.00,NaN,,300000000.00,,2026-05-05 03:21:27.399584+08:00,2026-05-05 13:07:59.303088+08:00
80700.HK,2001,4,2001-12-31,2001-12-31,20756000.00,,17814000.00,-11061000.00,,8119000.00,,2026-07-09 01:26:49.186000+08:00,
82318.HK,2001,4,2001-12-31,2001-12-31,26406334000.00,,-1048411000.00,-30566737000.00,,3111992000.00,,2026-07-09 01:26:51.387186+08:00,
82331.HK,2001,4,2001-12-31,2001-12-31,29312000.00,,1810000.00,-10115000.00,,-17387000.00,,2026-07-09 01:26:52.130858+08:00,
