ts_code,name,industry,n_ch,channels,mv_yi,pe,npy,or_yoy,roe,gm,ret12m,dist_high,list_age_y,tier
002192.SZ,融捷股份,小金属,4,A/B/E/F,158.0,13.2,1076.0,402.0,24.8,76.0,1.32,0.56,18.8,★★★
688449.SH,联芸科技,半导体,4,B/C/E/F,274.0,45.3,826.0,40.0,24.0,50.0,-0.37,0.67,1.8,★★★
301536.SZ,星宸科技,半导体,4,A/B/E/F,468.0,44.5,620.0,89.0,24.2,55.0,0.77,0.76,2.5,★★★
301031.SZ,中熔电气,电气设备,4,A/B/E/F,131.0,25.2,82.0,63.0,15.0,37.0,0.04,0.52,5.2,★★★
301696.SZ,三瑞智能,电气设备,4,B/C/E/F,364.0,69.3,65.0,69.0,16.2,56.0,1.42,0.62,0.4,★★★
300765.SZ,石药创新,生物制药,3,A/B/F,596.0,58.2,46026.0,209.0,38.2,77.0,0.07,0.82,7.5,★★★
002289.SZ,宇顺电子,元器件,3,B/E/F,98.0,36.4,6381.0,307.0,78.7,39.0,-0.14,0.69,17.0,★★★
300390.SZ,天华新能,电气设备,3,B/E/F,447.0,16.0,2623.0,125.0,18.3,43.0,2.11,0.48,12.1,★★★
002842.SZ,翔鹭钨业,小金属,3,B/E/F,108.0,17.9,2522.0,183.0,33.8,32.0,2.17,0.61,9.6,★★★
688390.SH,固德威,电气设备,3,A/B/E,140.0,31.9,1826.0,53.0,9.9,26.0,-0.19,0.43,6.0,★★★
600540.SH,新赛股份,种植业,3,A/B/F,34.0,,1820.0,77.0,30.8,9.0,0.51,0.79,22.7,★★★
603629.SH,利通电子,元器件,3,B/E/F,386.0,40.9,1275.0,39.0,30.7,47.0,2.51,0.47,7.7,★★★
002636.SZ,金安国纪,元器件,3,A/B/F,600.0,60.3,987.0,66.0,19.4,33.0,3.84,0.66,14.8,★★★
603991.SH,领先股份,半导体,3,B/D/E,270.0,172.6,896.0,1820.0,5.1,20.0,1.99,0.96,9.5,★★★
688110.SH,东芯股份,半导体,3,B/E/F,488.0,84.8,694.0,336.0,17.3,68.0,0.31,0.53,4.8,★★★
002378.SZ,章源钨业,小金属,3,B/E/F,277.0,32.1,497.0,144.0,26.3,25.0,0.89,0.48,16.4,★★★
688790.SH,昂瑞微,半导体,3,A/B/C,97.0,125.0,487.0,-8.0,5.5,20.0,0.41,0.4,0.7,★★★
000603.SZ,盛达资源,铅锌,3,A/B/E,232.0,27.2,456.0,27.0,10.8,69.0,0.79,0.46,30.1,★★★
000506.SZ,招金黄金,黄金,3,B/E/F,175.0,51.3,407.0,85.0,28.3,56.0,0.91,0.66,33.5,★★★
688385.SH,复旦微电,半导体,3,A/B/E,429.0,48.3,339.0,21.0,12.9,57.0,0.07,0.52,5.1,★★★
600961.SH,株冶集团,铅锌,3,B/E/F,261.0,10.5,233.0,36.0,36.8,20.0,0.7,0.66,22.0,★★★
601086.SH,国芳集团,百货,3,A/B/D,109.0,91.7,214.0,10.0,4.4,39.0,0.84,0.98,9.0,★★★
600354.SH,敦煌种业,种植业,3,A/B/F,58.0,42.1,166.0,21.0,18.7,49.0,1.05,0.89,22.7,★★★
300426.SZ,华智数媒,影视音像,3,A/B/F,33.0,,161.0,22.0,32.2,85.0,-0.05,0.68,11.6,★★★
000612.SZ,焦作万方,铝,3,B/E/F,126.0,7.2,130.0,25.0,16.1,38.0,0.48,0.68,30.0,★★★
603459.SH,红板科技,元器件,3,B/C/F,667.0,79.5,125.0,22.0,15.8,24.0,2.39,0.73,0.4,★★★
001337.SZ,四川黄金,黄金,3,B/E/F,213.0,30.8,107.0,87.0,22.3,71.0,0.72,0.69,3.5,★★★
688758.SH,赛分科技,化工原料,3,B/C/E,112.0,60.8,106.0,53.0,8.1,75.0,0.93,0.84,1.7,★★★
688411.SH,海博思创,电气设备,3,B/C/E,297.0,23.4,100.0,39.0,12.7,21.0,-0.5,0.38,1.6,★★★
688380.SH,中微半导,半导体,3,A/B/E,149.0,40.4,98.0,44.0,5.4,39.0,0.1,0.56,4.1,★★★
301717.SZ,超纯应材,半导体,3,B/C/E,329.0,138.7,85.0,48.0,12.5,58.0,3.9,0.58,0.1,★★★
301630.SZ,同宇新材,化工原料,3,A/C/E,103.0,57.5,80.0,32.0,6.9,26.0,0.23,0.45,1.2,★★★
300456.SZ,赛微电子,半导体,2,A/B,254.0,6.1,415612.0,-69.0,34.3,9.0,0.47,0.51,11.3,★★
001309.SZ,德明利,半导体,2,B/F,914.0,13.4,5202.0,312.0,92.2,47.0,0.84,0.41,4.2,★★
002466.SZ,天齐锂业,小金属,2,A/B,737.0,15.9,4925.0,153.0,9.4,64.0,0.05,0.63,16.0,★★
002458.SZ,益生股份,农业综合,2,A/B,126.0,27.0,4897.0,28.0,6.9,28.0,0.23,0.8,16.1,★★
300082.SZ,奥克股份,化工原料,2,A/B,55.0,82.5,4621.0,12.0,2.2,7.0,0.36,0.57,16.3,★★
000703.SZ,恒逸石化,化纤,2,B/F,713.0,12.0,2501.0,20.0,21.3,15.0,1.97,0.83,29.5,★★
300475.SZ,香农芯创,元器件,2,B/F,787.0,19.5,2207.0,252.0,68.0,12.0,1.0,0.51,11.3,★★
300013.SZ,新宁物流,仓储物流,2,A/B,24.0,,1943.0,302.0,9.1,6.0,-0.05,0.89,16.9,★★
688766.SH,普冉股份,半导体,2,B/F,577.0,58.1,1930.0,337.0,28.7,51.0,1.86,0.43,5.1,★★
600654.SH,中安科,仓储物流,2,A/B,88.0,88.9,1826.0,-25.0,2.8,18.0,0.2,0.64,35.7,★★
301366.SZ,一博科技,元器件,2,A/B,126.0,141.2,1562.0,42.0,2.9,31.0,0.38,0.93,4.0,★★
688779.SH,五矿新能,电气设备,2,A/B,144.0,22.7,1508.0,169.0,5.1,11.0,0.28,0.58,5.1,★★
300302.SZ,同有科技,IT设备,2,B/F,130.0,58.2,1503.0,50.0,22.4,49.0,-0.26,0.44,14.5,★★
301638.SZ,南网数字,软件服务,2,B/C,679.0,82.8,1454.0,42.0,1.8,35.0,3.45,0.6,0.8,★★
300613.SZ,富瀚微,半导体,2,B/E,156.0,33.1,1419.0,113.0,11.3,45.0,0.37,0.78,9.6,★★
603980.SH,吉华集团,染料涂料,2,A/B,54.0,55.3,1235.0,12.0,1.2,19.0,0.59,0.88,9.2,★★
002738.SZ,中矿资源,小金属,2,B/E,320.0,21.6,1147.0,12.0,8.8,53.0,0.29,0.44,11.7,★★
603045.SH,福达合金,小金属,2,B/F,67.0,16.9,1147.0,96.0,25.5,15.0,0.18,0.52,8.3,★★
688331.SH,荣昌生物,生物制药,2,B/F,648.0,11.1,1137.0,433.0,78.2,96.0,0.17,0.73,4.4,★★
688530.SH,欧莱新材,半导体,2,B/E,87.0,240.3,1098.0,133.0,8.3,26.0,1.25,0.53,2.3,★★
301292.SZ,海科新源,化工原料,2,B/E,133.0,48.2,1068.0,45.0,14.4,21.0,2.92,0.56,3.2,★★
688266.SH,泽璟制药,生物制药,2,B/F,282.0,51.4,979.0,221.0,45.7,95.0,0.05,0.67,6.6,★★
002709.SZ,天赐材料,化工原料,2,B/F,659.0,16.7,968.0,109.0,15.0,34.0,0.04,0.53,12.6,★★
603618.SH,杭电股份,电气设备,2,A/B,281.0,500.4,939.0,13.0,13.8,18.0,1.91,0.71,11.6,★★
300821.SZ,东岳硅材,化工原料,2,B/E,174.0,47.5,916.0,14.0,8.4,23.0,0.36,0.47,6.5,★★
301216.SZ,万凯新材,化工原料,2,A/B,100.0,14.9,910.0,18.0,8.7,10.0,0.07,0.55,4.5,★★
002407.SZ,多氟多,化工原料,2,B/E,379.0,56.3,897.0,63.0,6.0,22.0,0.74,0.58,16.3,★★
300672.SZ,国科微,半导体,2,B/E,355.0,,873.0,86.0,5.0,41.0,-0.05,0.48,9.2,★★
301358.SZ,湖南裕能,电气设备,2,B/F,453.0,11.7,854.0,143.0,17.5,15.0,0.01,0.59,3.6,★★
000567.SZ,海德股份,多元金融,2,B/F,121.0,7.6,816.0,452.0,21.4,90.0,-0.15,0.74,32.3,★★
002497.SZ,雅化集团,小金属,2,B/E,194.0,11.3,795.0,96.0,10.6,32.0,0.45,0.57,15.8,★★
002975.SZ,博杰股份,专用机械,2,B/E,202.0,67.9,747.0,67.0,7.2,49.0,0.23,0.62,6.6,★★
300741.SZ,华宝股份,食品,2,B/D,122.0,67.6,720.0,20.0,1.6,45.0,0.33,0.98,8.5,★★
001258.SZ,立新能源,新型电力,2,A/B,107.0,71.7,716.0,30.0,2.4,33.0,0.43,0.68,4.1,★★
002414.SZ,高德红外,电器仪表,2,B/F,525.0,28.3,647.0,118.0,17.5,52.0,0.11,0.66,16.2,★★
688655.SH,迅捷兴,元器件,2,B/D,80.0,,616.0,77.0,2.1,17.0,1.53,0.97,5.3,★★
688215.SH,瑞晟智能,专用机械,2,B/E,43.0,73.4,609.0,51.0,5.4,27.0,-0.12,0.51,6.0,★★
603906.SH,龙蟠科技,电气设备,2,B/E,139.0,41.6,594.0,99.0,10.5,20.0,0.29,0.51,9.4,★★
688203.SH,海正生材,塑料,2,A/B,28.0,102.9,558.0,49.0,1.4,13.0,0.04,0.85,4.1,★★
688378.SH,奥来德,专用机械,2,B/E,110.0,49.7,551.0,64.0,9.2,56.0,0.6,0.67,6.0,★★
300209.SZ,行云科技,互联网,2,A/B,344.0,,540.0,497.0,1.3,35.0,1.92,0.9,15.4,★★
600078.SH,澄星股份,化工原料,2,A/B,70.0,65.4,534.0,20.0,6.8,19.0,0.46,0.65,29.2,★★
002552.SZ,宝鼎科技,元器件,2,B/E,194.0,81.4,519.0,55.0,8.7,21.0,0.11,0.63,15.5,★★
301099.SZ,雅创电子,元器件,2,B/F,94.0,28.6,496.0,119.0,16.6,12.0,0.34,0.48,4.8,★★
300975.SZ,商络电子,元器件,2,B/F,168.0,23.3,493.0,122.0,19.1,15.0,0.12,0.45,5.4,★★
603353.SH,和顺石油,石油贸易,2,A/B,67.0,145.8,480.0,-6.0,5.0,11.0,1.3,0.73,6.4,★★
301666.SZ,大普微,IT设备,2,A/F,1628.0,134.8,477.0,531.0,65.7,35.0,2.71,0.44,0.4,★★
688257.SH,新锐股份,机械基件,2,B/F,180.0,26.1,461.0,80.0,21.6,49.0,1.39,0.43,4.9,★★
603268.SH,松发股份,船舶,2,D/F,2012.0,35.8,458.0,252.0,32.1,24.0,3.33,0.97,11.5,★★
688353.SH,华盛锂电,化工原料,2,B/E,129.0,43.0,451.0,127.0,6.3,53.0,1.38,0.52,4.2,★★
002653.SZ,海思科,化学制药,2,B/F,714.0,75.2,427.0,55.0,18.7,80.0,0.31,0.77,14.7,★★
000042.SZ,中洲控股,全国地产,2,B/F,54.0,,422.0,168.0,35.0,68.0,-0.06,0.79,32.0,★★
002174.SZ,游族网络,互联网,2,B/D,133.0,,404.0,1.0,5.5,34.0,0.14,0.97,19.0,★★
688796.SH,百奥赛图,生物制药,2,B/C,538.0,146.9,402.0,52.0,10.5,79.0,3.83,0.78,0.8,★★
688193.SH,仁度生物,医疗保健,2,A/B,18.0,102.4,370.0,-2.0,1.1,79.0,0.23,0.71,4.5,★★
002326.SZ,永太科技,化工原料,2,B/E,157.0,92.9,366.0,44.0,9.7,25.0,0.01,0.51,16.7,★★
300671.SZ,富满微,半导体,2,B/E,111.0,,353.0,77.0,5.6,26.0,0.29,0.48,9.2,★★
688699.SH,明微电子,半导体,2,B/E,61.0,83.1,340.0,69.0,6.9,33.0,0.61,0.63,5.7,★★
002745.SZ,木林森,元器件,2,B/E,165.0,,331.0,24.0,5.6,28.0,0.08,0.8,11.6,★★
002491.SZ,通鼎互联,通信设备,2,A/B,261.0,120.8,326.0,61.0,7.9,28.0,1.51,0.53,15.9,★★
600805.SH,悦达投资,综合类,2,A/B,39.0,47.5,322.0,9.0,1.4,12.0,0.05,0.77,32.7,★★
002440.SZ,闰土股份,染料涂料,2,B/E,130.0,11.3,319.0,32.0,6.2,28.0,1.26,0.7,16.2,★★
002328.SZ,新朋股份,汽车配件,2,A/B,65.0,16.2,316.0,-23.0,10.1,11.0,0.51,0.62,16.7,★★
300642.SZ,透景生命,医疗保健,2,A/B,26.0,214.2,316.0,18.0,0.8,67.0,-0.13,0.54,9.4,★★
000716.SZ,黑芝麻,食品,2,A/B,41.0,,303.0,28.0,1.2,23.0,-0.14,0.77,29.4,★★
688416.SH,恒烁股份,半导体,2,B/E,77.0,69.5,297.0,203.0,10.3,45.0,0.4,0.48,4.0,★★
001339.SZ,智微智能,IT设备,2,B/F,239.0,52.1,282.0,57.0,15.6,40.0,0.61,0.57,4.1,★★
002841.SZ,视源股份,元器件,2,B/E,316.0,14.8,282.0,36.0,11.0,24.0,0.26,0.81,9.6,★★
600095.SH,湘财股份,证券,2,A/B,245.0,28.8,274.0,-95.0,4.2,22.0,-0.21,0.59,29.2,★★
300503.SZ,昊志机电,机械基件,2,B/F,196.0,67.9,267.0,66.0,15.7,42.0,0.81,0.54,10.5,★★
301129.SZ,瑞纳智能,电器仪表,2,A/B,31.0,24.4,267.0,15.0,0.6,73.0,-0.1,0.69,4.9,★★
688332.SH,中科蓝讯,半导体,2,B/E,154.0,8.7,266.0,12.0,8.7,22.0,-0.3,0.5,4.2,★★
688469.SH,芯联集成,半导体,2,A/B,704.0,,263.0,31.0,2.1,13.0,0.18,0.75,3.3,★★
688002.SH,睿创微纳,通信设备,2,B/F,824.0,40.5,259.0,73.0,17.1,58.0,1.37,0.94,7.1,★★
688221.SH,前沿生物,生物制药,2,B/F,60.0,,253.0,434.0,15.6,84.0,0.28,0.53,5.9,★★
002606.SZ,大连电瓷,电气设备,2,B/E,55.0,17.1,232.0,49.0,7.8,39.0,0.19,0.79,15.1,★★
002573.SZ,清新环境,环境保护,2,A/B,45.0,,228.0,-10.0,0.8,16.0,-0.13,0.75,15.4,★★
300418.SZ,昆仑万维,互联网,2,A/B,563.0,160.5,227.0,44.0,7.8,66.0,-0.03,0.61,11.6,★★
603007.SH,顺景科技,建筑工程,2,B/F,43.0,,223.0,2412.0,15.4,17.0,-0.1,0.65,10.0,★★
002240.SZ,盛新锂能,小金属,2,B/E,249.0,25.9,220.0,356.0,9.4,32.0,1.12,0.45,18.3,★★
600516.SH,方大炭素,矿物制品,2,A/B,210.0,100.1,213.0,17.0,1.0,12.0,0.05,0.71,24.0,★★
603938.SH,三孚股份,化工原料,2,A/B,190.0,117.8,210.0,30.0,4.7,19.0,1.48,0.61,9.2,★★
301563.SZ,云汉芯城,元器件,2,B/C,93.0,43.9,208.0,91.0,13.0,17.0,-0.26,0.43,0.9,★★
603929.SH,亚翔集成,装修装饰,2,B/F,330.0,27.0,205.0,51.0,20.9,24.0,4.35,0.54,9.7,★★
300458.SZ,全志科技,半导体,2,B/E,292.0,49.4,204.0,41.0,14.9,43.0,-0.23,0.55,11.3,★★
300454.SZ,深信服,软件服务,2,A/B,552.0,64.8,202.0,33.0,2.2,61.0,0.07,0.68,8.3,★★
300215.SZ,电科院,电气设备,2,A/B,48.0,80.2,200.0,16.0,1.3,38.0,0.19,0.56,15.3,★★
688328.SH,深科达,专用机械,2,B/E,73.0,111.3,198.0,21.0,7.2,39.0,1.06,0.63,5.5,★★
688365.SH,光云科技,软件服务,2,A/B,59.0,,196.0,15.0,1.2,73.0,0.07,0.41,6.4,★★
688330.SH,宏力达,电气设备,2,A/B,49.0,5.9,195.0,3.0,6.5,29.0,0.0,0.59,5.9,★★
300773.SZ,拉卡拉,软件服务,2,B/F,164.0,10.2,192.0,23.0,15.0,25.0,0.06,0.47,7.4,★★
000737.SZ,北方铜业,铜,2,B/F,281.0,16.5,187.0,69.0,19.0,13.0,-0.07,0.69,29.4,★★
000426.SZ,兴业银锡,铅锌,2,B/F,639.0,20.1,184.0,73.0,21.5,69.0,0.17,0.48,30.0,★★
000833.SZ,粤桂股份,综合类,2,B/F,179.0,19.7,183.0,72.0,15.8,44.0,0.73,0.69,27.8,★★
300490.SZ,华自科技,专用机械,2,B/E,42.0,,179.0,121.0,5.0,20.0,0.06,0.48,10.7,★★
000807.SZ,云铝股份,铝,2,B/F,946.0,8.6,178.0,20.0,21.9,32.0,0.75,0.71,28.4,★★
603271.SH,永杰新材,铝,2,B/C,76.0,10.2,177.0,18.0,16.3,9.0,0.07,0.7,1.5,★★
002716.SZ,湖南白银,小金属,2,A/B,281.0,63.1,170.0,93.0,4.4,7.0,0.75,0.47,12.6,★★
300855.SZ,图南股份,小金属,2,B/E,140.0,44.9,168.0,71.0,11.8,40.0,0.41,0.71,6.1,★★
688633.SH,星球石墨,专用机械,2,B/E,37.0,14.9,168.0,41.0,6.1,49.0,0.15,0.54,5.5,★★
688575.SH,亚辉龙,医疗保健,2,A/B,54.0,81.0,167.0,10.0,2.6,62.0,-0.11,0.56,5.3,★★
003022.SZ,联泓新科,化工原料,2,B/E,254.0,44.4,166.0,84.0,5.6,24.0,-0.04,0.66,5.8,★★
600595.SH,中孚实业,铝,2,B/E,247.0,8.8,166.0,35.0,10.6,22.0,0.28,0.57,24.2,★★
688127.SH,蓝特光学,元器件,2,B/E,265.0,47.6,163.0,76.0,11.9,44.0,1.12,0.64,6.0,★★
002805.SZ,丰元股份,电气设备,2,B/F,45.0,,160.0,353.0,15.7,8.0,0.04,0.53,10.2,★★
300583.SZ,赛托生物,化学制药,2,A/B,24.0,250.0,157.0,21.0,1.7,25.0,0.06,0.79,9.7,★★
300972.SZ,万辰集团,食品,2,B/F,357.0,17.2,157.0,54.0,57.9,13.0,0.18,0.75,5.4,★★
000933.SZ,神火股份,铝,2,B/F,611.0,8.9,151.0,21.0,18.3,36.0,0.64,0.69,27.0,★★
002925.SZ,盈趣科技,元器件,2,B/E,181.0,23.3,145.0,40.0,6.6,28.0,0.1,0.89,8.7,★★
301111.SZ,粤万年青,中成药,2,A/B,33.0,549.7,144.0,-6.0,0.4,57.0,-0.08,0.65,4.8,★★
603002.SH,宏昌电子,化工原料,2,A/B,198.0,338.9,141.0,65.0,1.1,9.0,0.74,0.64,14.3,★★
002756.SZ,永兴材料,小金属,2,B/E,222.0,18.2,139.0,38.0,7.3,28.0,0.47,0.46,11.3,★★
688700.SH,东威科技,专用机械,2,B/E,188.0,106.0,133.0,52.0,5.3,38.0,0.19,0.61,5.2,★★
003010.SZ,若羽臣,互联网,2,B/F,89.0,30.9,132.0,73.0,22.1,65.0,-0.13,0.59,6.0,★★
002648.SZ,卫星化学,化工原料,2,B/F,917.0,10.4,127.0,31.0,17.4,28.0,0.69,0.9,14.7,★★
603061.SH,金海通,半导体,2,B/E,264.0,97.3,125.0,95.0,9.8,54.0,2.18,0.55,3.5,★★
601168.SH,西部矿业,铜,2,B/F,896.0,15.1,123.0,25.0,20.4,24.0,0.57,0.87,19.2,★★
600691.SH,潞化科技,农药化肥,2,A/B,74.0,,120.0,-8.0,1.4,4.0,0.32,0.64,32.8,★★
002346.SZ,柘中股份,电气设备,2,B/E,80.0,13.3,119.0,12.0,10.5,27.0,0.02,0.66,16.6,★★
688690.SH,纳微科技,化工原料,2,B/E,166.0,79.2,116.0,37.0,6.9,71.0,0.24,0.86,5.2,★★
600185.SH,珠免集团,旅游服务,2,A/B,94.0,,113.0,-29.0,43.1,45.0,-0.04,0.6,27.3,★★
002246.SZ,北化股份,化工原料,2,B/E,123.0,32.1,111.0,18.0,7.1,37.0,0.21,0.8,18.3,★★
000560.SZ,我爱我家,房产服务,2,A/B,65.0,,110.0,-17.0,0.9,13.0,0.06,0.75,32.6,★★
300169.SZ,天晟新材,塑料,2,A/B,19.0,31.4,110.0,8.0,5.4,26.0,-0.14,0.72,15.6,★★
300071.SZ,福石控股,广告包装,2,A/B,41.0,,106.0,-44.0,2.3,29.0,-0.05,0.43,16.4,★★
301338.SZ,凯格精机,专用机械,2,B/E,145.0,56.3,105.0,62.0,8.2,41.0,0.85,0.36,4.1,★★
688025.SH,杰普特,专用机械,2,B/E,372.0,98.3,105.0,69.0,8.1,41.0,1.9,0.78,6.9,★★
300094.SZ,国联水产,渔业,2,A/B,36.0,,102.0,-12.0,10.3,11.0,-0.08,0.54,16.2,★★
688727.SH,恒坤新材,半导体,2,B/C,197.0,140.5,102.0,16.0,3.3,52.0,2.18,0.55,0.8,★★
603125.SH,常青科技,化工原料,2,B/E,91.0,40.1,99.0,46.0,5.6,30.0,0.03,0.66,3.4,★★
001389.SZ,广合科技,元器件,2,B/F,827.0,55.9,94.0,81.0,16.1,39.0,0.99,0.73,2.4,★★
003018.SZ,金富科技,塑料,2,A/B,154.0,104.3,94.0,82.0,5.9,36.0,4.36,0.6,5.8,★★
300548.SZ,长芯博创,通信设备,2,B/F,613.0,125.6,91.0,41.0,15.9,49.0,1.66,0.67,9.9,★★
603135.SH,中重科技,专用机械,2,A/B,54.0,,91.0,52.0,1.3,19.0,-0.41,0.52,3.4,★★
301219.SZ,腾远钴业,小金属,2,B/E,157.0,10.3,88.0,72.0,9.1,26.0,-0.14,0.44,4.5,★★
688712.SH,北芯生命,医疗保健,2,B/C,124.0,100.1,88.0,49.0,7.1,72.0,0.85,0.53,0.6,★★
002961.SZ,瑞达期货,多元金融,2,A/B,92.0,12.7,80.0,60.0,10.5,,0.21,0.6,7.0,★★
301149.SZ,隆华新材,化工原料,2,A/B,48.0,24.0,77.0,40.0,6.3,6.0,0.19,0.6,4.8,★★
301662.SZ,宏工科技,专用机械,2,C/E,67.0,67.1,75.0,27.0,6.3,26.0,-0.19,0.28,1.4,★★
603444.SH,吉比特,互联网,2,B/F,270.0,12.1,69.0,48.0,18.9,94.0,-0.19,0.66,9.7,★★
688603.SH,天承科技,化工原料,2,B/E,138.0,124.0,68.0,44.0,5.1,37.0,-0.07,0.52,3.2,★★
603893.SH,瑞芯微,半导体,2,B/F,763.0,55.8,62.0,41.0,18.5,46.0,-0.18,0.77,6.6,★★
688809.SH,强一股份,半导体,2,B/C,641.0,133.7,61.0,67.0,5.4,63.0,4.68,0.74,0.7,★★
001395.SZ,亚联机械,专用机械,2,C/E,32.0,13.0,60.0,37.0,12.8,43.0,-0.16,0.54,1.6,★★
301606.SZ,绿联科技,元器件,2,A/E,222.0,25.7,57.0,51.0,12.4,39.0,-0.03,0.57,2.1,★★
688805.SH,健信超导,医疗保健,2,A/C,64.0,69.2,54.0,32.0,4.0,28.0,1.02,0.53,0.7,★★
301275.SZ,汉朔科技,元器件,2,C/E,169.0,29.9,51.0,47.0,8.1,33.0,-0.22,0.48,1.5,★★
603025.SH,大豪科技,纺织机械,2,E/F,145.0,17.2,33.0,23.0,19.4,46.0,-0.15,0.6,11.4,★★
301531.SZ,春光集团,矿物制品,2,C/E,98.0,69.7,28.0,36.0,6.6,22.0,-0.39,0.54,0.3,★★
688797.SH,臻宝科技,半导体,2,C/E,377.0,152.0,26.0,32.0,5.2,47.0,-0.64,0.37,0.2,★★
301308.SZ,江波龙,半导体,1,F,1561.0,13.0,71529.0,136.0,80.0,59.0,0.8,0.45,4.1,★
688308.SH,欧科亿,机械基件,1,B,132.0,27.9,47734.0,100.0,13.2,46.0,1.43,0.39,5.8,★
300927.SZ,江天化学,化工原料,1,B,39.0,50.0,22955.0,28.0,6.0,13.0,0.35,0.68,5.7,★
002389.SZ,航天彩虹,航空,1,B,197.0,191.5,15493.0,10.0,0.9,19.0,0.02,0.67,16.4,★
600345.SH,长江通信,通信设备,1,B,180.0,26.8,8833.0,1.0,11.2,13.0,0.89,0.71,25.7,★
300333.SZ,兆日科技,IT设备,1,B,37.0,125.9,5640.0,-6.0,7.9,56.0,-0.2,0.76,14.2,★
301002.SZ,崧盛股份,电气设备,1,B,35.0,100.7,5121.0,31.0,3.9,26.0,-0.3,0.5,5.3,★
002582.SZ,好想你,食品,1,B,44.0,2.7,3852.0,3.0,17.5,34.0,0.34,0.6,15.3,★
688825.SH,长鑫科技,半导体,1,F,38511.0,47.1,3428.0,874.0,81.1,85.0,5.55,0.92,0.1,★
688381.SH,帝奥微,半导体,1,B,88.0,114.0,3391.0,-25.0,5.3,40.0,-0.16,0.64,4.1,★
688090.SH,瑞松科技,专用机械,1,B,108.0,198.2,3349.0,72.0,4.5,23.0,0.9,0.52,6.6,★
688525.SH,佰维存储,半导体,1,F,1016.0,12.3,3273.0,298.0,79.0,55.0,0.79,0.41,3.7,★
002640.SZ,跨境通,互联网,1,B,54.0,,3241.0,-3.0,32.7,12.0,-0.33,0.62,14.8,★
600288.SH,大恒科技,元器件,1,B,46.0,25.0,2964.0,0.0,4.0,38.0,-0.09,0.6,25.8,★
688600.SH,皖仪科技,电器仪表,1,B,44.0,52.3,2863.0,27.0,3.9,50.0,0.79,0.92,6.2,★
301246.SZ,宏源药业,化学制药,1,B,69.0,24.4,2789.0,52.0,3.4,23.0,0.33,0.52,3.5,★
002151.SZ,北斗星通,通信设备,1,B,157.0,,2784.0,38.0,0.8,38.0,0.21,0.43,19.1,★
300981.SZ,中红医疗,医疗保健,1,B,63.0,156.3,2662.0,19.0,3.0,24.0,0.25,0.81,5.4,★
300497.SZ,富祥股份,化学制药,1,B,108.0,83.7,2660.0,73.0,7.8,39.0,1.54,0.84,10.7,★
600816.SH,建元信托,多元金融,1,B,238.0,20.8,2559.0,,7.3,,-0.19,0.75,32.6,★
300283.SZ,温州宏丰,电气设备,1,B,66.0,54.2,2522.0,92.0,8.0,12.0,0.01,0.5,14.7,★
300214.SZ,日科化学,化工原料,1,B,47.0,,2519.0,-3.0,1.3,8.0,0.38,0.68,15.3,★
000520.SZ,凤凰航运,水运,1,B,43.0,,2330.0,96.0,6.9,7.0,-0.13,0.79,32.9,★
002747.SZ,埃斯顿,机械基件,1,B,280.0,140.2,2314.0,1.0,6.2,32.0,-0.16,0.59,11.5,★
600037.SH,歌华有线,影视音像,1,B,97.0,37.8,2302.0,44.0,1.7,12.0,0.0,0.81,25.6,★
300244.SZ,迪安诊断,医疗保健,1,B,106.0,39.9,2161.0,-3.0,3.6,30.0,0.2,0.51,15.1,★
300483.SZ,首华燃气,石油开采,1,B,94.0,27.1,2132.0,31.0,5.9,25.0,1.35,0.9,11.2,★
002297.SZ,博云新材,航空,1,B,135.0,60.3,1912.0,88.0,7.7,44.0,2.29,0.66,17.0,★
300890.SZ,翔丰华,电气设备,1,B,30.0,27.3,1828.0,59.0,2.2,19.0,-0.29,0.63,6.0,★
002115.SZ,三维通信,互联网,1,B,83.0,239.0,1826.0,174.0,2.4,3.0,0.12,0.49,19.6,★
688383.SH,新益昌,专用机械,1,B,125.0,,1707.0,36.0,3.8,37.0,0.21,0.6,5.4,★
300749.SZ,顶固集创,家居用品,1,B,49.0,45.3,1678.0,-36.0,16.9,20.0,1.95,0.62,8.0,★
001314.SZ,亿道信息,元器件,1,B,69.0,27.6,1615.0,81.0,9.0,15.0,-0.08,0.71,3.6,★
000973.SZ,佛塑科技,塑料,1,B,288.0,30.0,1608.0,260.0,14.6,33.0,0.96,0.56,26.3,★
603110.SH,东方材料,染料涂料,1,B,46.0,1164.2,1573.0,13.0,1.6,27.0,0.49,0.8,8.9,★
603958.SH,哈森股份,服饰,1,B,34.0,,1569.0,13.0,3.9,35.0,0.23,0.57,10.2,★
000800.SZ,一汽解放,汽车整车,1,B,296.0,29.2,1459.0,34.0,1.2,5.0,-0.02,0.79,29.2,★
300884.SZ,狄耐克,IT设备,1,B,30.0,67.4,1444.0,11.0,2.3,37.0,0.12,0.61,5.8,★
000990.SZ,诚志股份,化工原料,1,B,110.0,57.1,1416.0,3.0,1.6,18.0,0.45,0.57,26.2,★
600395.SH,盘江股份,煤炭开采,1,B,115.0,28.9,1344.0,-6.0,0.6,29.0,-0.1,0.83,25.3,★
300358.SZ,楚天科技,医疗保健,1,B,57.0,13.8,1281.0,9.0,2.6,35.0,0.12,0.58,12.6,★
000036.SZ,华联控股,全国地产,1,B,54.0,56.3,1261.0,60.0,0.5,62.0,-0.09,0.49,32.2,★
001313.SZ,粤海饲料,饲料,1,B,52.0,84.0,1240.0,42.0,1.9,11.0,0.12,0.8,4.6,★
605189.SH,富春染织,纺织,1,B,32.0,13.3,1238.0,47.0,8.0,14.0,-0.06,0.66,5.3,★
688498.SH,源杰科技,半导体,1,F,2118.0,281.7,1212.0,351.0,22.2,80.0,3.48,0.86,3.7,★
301060.SZ,兰卫医学,医疗保健,1,B,40.0,102.4,1200.0,-22.0,4.1,27.0,0.31,0.68,5.0,★
688682.SH,霍莱沃,软件服务,1,B,30.0,,1194.0,16.0,0.7,26.0,0.35,0.4,5.4,★
002386.SZ,天原股份,化工原料,1,B,77.0,27.6,1158.0,32.0,2.7,10.0,0.39,0.8,16.4,★
002524.SZ,光正眼科,医疗保健,1,B,21.0,,1153.0,-11.0,17.1,40.0,0.04,0.72,15.7,★
603127.SH,昭衍新药,医疗保健,1,B,310.0,31.5,1127.0,5.0,8.6,24.0,0.43,0.74,9.0,★
688255.SH,凯尔达,机械基件,1,B,27.0,51.4,1095.0,35.0,2.7,19.0,-0.37,0.6,4.9,★
603986.SH,兆易创新,半导体,1,F,2614.0,33.0,1091.0,179.0,24.4,63.0,0.28,0.44,10.1,★
000301.SZ,东方盛虹,化纤,1,B,885.0,20.8,1065.0,15.0,12.3,20.0,0.46,0.89,26.3,★
000430.SZ,张家界,旅游景点,1,B,60.0,,1027.0,9.0,19.7,22.0,0.02,0.74,30.0,★
002274.SZ,华昌化工,农药化肥,1,B,59.0,,1027.0,25.0,2.3,9.0,0.18,0.8,18.0,★
300254.SZ,仟源医药,化学制药,1,B,22.0,75.6,1025.0,-6.0,1.1,66.0,-0.02,0.66,15.1,★
300438.SZ,鹏辉能源,电气设备,1,B,256.0,23.0,1025.0,155.0,14.0,20.0,0.4,0.59,11.4,★
000070.SZ,特发信息,通信设备,1,B,149.0,,1008.0,19.0,6.0,22.0,1.03,0.66,26.3,★
688409.SH,富创精密,半导体,1,B,528.0,466.4,993.0,34.0,3.0,27.0,0.86,0.52,3.9,★
301150.SZ,中一科技,电气设备,1,B,124.0,57.4,988.0,47.0,4.6,8.0,0.74,0.49,4.4,★
002812.SZ,恩捷股份,电气设备,1,B,463.0,43.8,981.0,50.0,3.2,30.0,0.35,0.54,10.0,★
600661.SH,昂立教育,文教休闲,1,B,25.0,21.5,977.0,8.0,12.8,45.0,0.1,0.76,33.2,★
002918.SZ,蒙娜丽莎,陶瓷,1,B,43.0,40.5,970.0,-9.0,1.5,25.0,-0.4,0.6,8.7,★
688388.SH,嘉元科技,电气设备,1,B,178.0,44.2,940.0,90.0,5.0,6.0,0.21,0.38,7.1,★
603255.SH,鼎际得,化工原料,1,B,39.0,76.2,931.0,61.0,2.7,19.0,-0.22,0.74,4.1,★
601700.SH,风范股份,电气设备,1,B,74.0,,923.0,43.0,4.2,15.0,0.44,0.74,15.6,★
002460.SZ,赣锋锂业,小金属,1,B,979.0,15.3,901.0,176.0,9.1,32.0,-0.0,0.53,16.1,★
603026.SH,石大胜华,化工原料,1,B,143.0,27.3,898.0,59.0,8.7,20.0,0.47,0.5,11.3,★
601869.SH,长飞光纤,通信设备,1,F,3924.0,114.0,889.0,54.0,19.4,53.0,3.13,0.79,8.1,★
603860.SH,中公高科,建筑工程,1,B,17.0,35.0,883.0,5.0,0.3,46.0,-0.0,0.76,9.1,★
002611.SZ,东方精工,轻工机械,1,B,170.0,4.1,868.0,-22.0,50.4,23.0,-0.2,0.63,15.0,★
688309.SH,恒誉科技,环境保护,1,B,62.0,58.1,866.0,150.0,10.1,51.0,2.65,0.9,6.2,★
000701.SZ,厦门信达,商贸代理,1,B,34.0,6.9,855.0,-12.0,17.3,2.0,-0.04,0.59,29.5,★
603507.SH,振江股份,电气设备,1,B,53.0,21.6,855.0,56.0,5.9,20.0,0.35,0.46,8.8,★
688021.SH,奥福科技,汽车配件,1,B,15.0,41.3,850.0,-0.0,2.1,38.0,0.23,0.59,6.8,★
002829.SZ,星网宇达,航空,1,B,41.0,230.1,800.0,-37.0,6.8,29.0,-0.11,0.56,9.7,★
688003.SH,天准科技,专用机械,1,B,148.0,78.3,794.0,49.0,4.9,36.0,0.1,0.55,7.1,★
300107.SZ,建新股份,化工原料,1,B,37.0,254.1,790.0,51.0,3.2,24.0,0.08,0.62,16.1,★
300635.SZ,中达安,建筑工程,1,B,17.0,,772.0,-16.0,5.1,29.0,-0.12,0.63,9.4,★
300723.SZ,一品红,化学制药,1,B,152.0,69.0,759.0,-16.0,30.2,57.0,-0.46,0.54,8.8,★
600257.SH,大湖股份,渔业,1,B,27.0,110.9,756.0,2.0,2.1,29.0,0.22,0.71,26.2,★
300227.SZ,光韵达,专用机械,1,B,82.0,,728.0,118.0,1.0,27.0,0.61,0.94,15.3,★
301118.SZ,恒光股份,化工原料,1,B,25.0,62.4,723.0,17.0,4.6,20.0,-0.09,0.68,4.8,★
600191.SH,华资实业,食品,1,B,47.0,51.7,723.0,58.0,2.1,5.0,0.47,0.68,27.8,★
300676.SZ,华大基因,医疗保健,1,B,150.0,,718.0,10.0,0.6,42.0,-0.11,0.55,9.2,★
301126.SZ,达嘉维康,医药商业,1,B,21.0,,712.0,-0.0,0.5,18.0,0.08,0.68,4.8,★
600116.SH,三峡水利,水力发电,1,B,120.0,15.7,689.0,4.0,3.3,16.0,-0.04,0.86,29.1,★
301487.SZ,盟固利,化工原料,1,B,68.0,128.1,687.0,54.0,1.6,10.0,-0.46,0.51,3.1,★
000889.SZ,中嘉博创,通信设备,1,B,38.0,31.9,685.0,-6.0,91.8,9.0,0.64,0.75,28.7,★
601388.SH,怡球资源,铝,1,B,72.0,19.8,667.0,13.0,4.8,12.0,0.36,0.69,14.4,★
000626.SZ,远大控股,商贸代理,1,B,47.0,90.1,640.0,10.0,9.6,1.0,0.54,0.81,29.8,★
000553.SZ,安道麦A,农药化肥,1,B,134.0,,638.0,-4.0,,27.0,-0.13,0.8,32.8,★
000096.SZ,广聚能源,石油贸易,1,B,43.0,24.6,636.0,20.0,2.5,13.0,-0.16,0.61,26.1,★
603077.SH,和邦生物,化工原料,1,B,209.0,,634.0,-26.0,2.0,29.0,0.44,0.67,14.1,★
300042.SZ,朗科科技,IT设备,1,B,76.0,54.2,632.0,102.0,8.7,20.0,0.1,0.46,16.7,★
301349.SZ,信德新材,化工原料,1,B,59.0,59.3,618.0,63.0,2.6,16.0,0.07,0.51,4.0,★
002042.SZ,华孚时尚,纺织,1,B,65.0,31.2,607.0,-8.0,3.0,13.0,-0.04,0.71,21.4,★
688400.SH,凌云光,专用机械,1,B,210.0,29.1,583.0,6.0,10.8,41.0,0.07,0.6,4.2,★
605151.SH,西上海,汽车配件,1,B,25.0,73.0,582.0,7.0,2.5,18.0,-0.16,0.69,5.7,★
301511.SZ,德福科技,电气设备,1,B,671.0,198.8,581.0,74.0,6.3,9.0,0.3,0.59,3.1,★
