symbol,datetime,open,high,low,close,volume,amount
159225.SZ,2026-06-05,1.251,1.267,1.25,1.253,59703.0,7541.23
159225.SZ,2026-06-08,1.244,1.244,1.224,1.227,57338.05,7096.75
159225.SZ,2026-06-09,1.231,1.231,1.218,1.228,49201.0,6017.91
159225.SZ,2026-07-07,1.164,1.166,1.144,1.149,3538900.0,127950000.0
159225.SZ,2026-07-08,1.15,1.151,1.14,1.141,3884100.0,202480000.0
159225.SZ,2026-07-13,1.138,1.158,1.129,1.148,4034300.0,218740000.0
159225.SZ,2026-07-13,1.146,1.146,1.133,1.137,3881700.0,147720000.0
159225.SZ,2026-07-13,1.146,1.146,1.133,1.137,3881700.0,147720000.0
159225.SZ,2026-07-15,1.144,1.165,1.138,1.165,4678700.0,291280000.0
159225.SZ,2026-07-15,1.144,1.165,1.138,1.165,4678700.0,291280000.0
159225.SZ,2026-07-15,0.0,1.165,1.165,1.165,0.0,0.0
