symbol,datetime,open,high,low,close,volume,amount
688581.SH,2023-05-19,122.0,130.28,113.23,124.3,72783.8,884729.49
688581.SH,2023-05-22,127.0,135.33,124.9,134.26,47535.9,622698.79
688581.SH,2023-05-23,132.75,137.6,128.9,132.55,23673.15,314000.98
688581.SH,2023-05-24,130.0,135.0,129.3,132.9,20406.94,270081.15
688581.SH,2023-05-25,131.6,132.0,125.33,129.52,15026.11,193199.24
688581.SH,2023-05-26,128.9,131.55,126.62,128.61,10120.47,130391.65
688581.SH,2023-05-29,127.7,133.0,124.5,126.0,11063.34,142920.77
688581.SH,2023-05-30,127.67,133.18,121.83,128.28,22529.07,287261.91
688581.SH,2023-05-31,126.0,130.0,123.18,128.52,12646.86,161514.95
688581.SH,2023-06-01,127.52,134.65,125.5,131.12,10366.0,135492.68
688581.SH,2023-06-02,129.5,130.98,127.76,130.48,5711.55,73776.69
688581.SH,2023-06-05,129.0,131.39,124.5,125.0,9310.6,118239.03
688581.SH,2023-06-06,124.01,126.06,118.0,121.63,16405.32,199732.57
688581.SH,2023-06-07,120.77,121.27,118.0,120.0,7761.3,92583.3
688581.SH,2023-06-08,119.96,120.4,115.15,117.29,9611.77,112390.56
688581.SH,2023-06-09,117.0,121.96,116.08,117.96,9639.14,114410.39
688581.SH,2023-06-12,115.62,126.23,115.62,125.3,10786.62,131519.09
688581.SH,2023-06-13,125.3,125.77,121.8,124.78,5172.92,63920.88
688581.SH,2023-06-14,124.09,125.49,122.02,122.9,3207.27,39669.6
688581.SH,2023-06-15,122.6,126.0,121.22,123.35,3766.49,46870.61
688581.SH,2023-06-16,123.77,128.51,121.3,121.56,4088.68,50768.19
688581.SH,2023-06-19,119.74,124.89,119.74,124.3,5837.06,71178.83
688581.SH,2023-06-20,124.13,126.2,120.12,125.18,6494.26,80186.0
688581.SH,2023-06-21,124.88,124.89,121.75,122.65,2761.07,34032.69
688581.SH,2023-06-26,123.78,123.78,117.0,120.99,4219.99,50716.18
688581.SH,2023-06-27,120.5,125.8,119.3,121.82,4540.14,56007.38
688581.SH,2023-06-28,121.81,121.81,115.58,117.7,6256.05,73766.98
688581.SH,2023-06-29,117.07,120.77,117.07,120.24,2574.35,30759.09
688581.SH,2023-06-30,120.08,123.98,119.68,122.49,3692.26,45370.23
688581.SH,2023-07-03,122.3,125.32,120.8,124.11,3353.66,41513.54
688581.SH,2023-07-04,124.4,132.78,124.4,128.78,11846.82,152613.23
688581.SH,2023-07-05,128.87,128.87,125.3,125.55,3099.72,39240.71
688581.SH,2023-07-06,125.12,126.18,122.02,123.68,3755.03,46382.9
688581.SH,2023-07-07,123.12,125.25,121.0,125.0,2392.77,29652.46
688581.SH,2023-07-10,125.0,125.55,122.51,125.0,2804.68,34868.35
688581.SH,2023-07-11,124.9,125.16,124.09,125.16,2091.6,26081.62
688581.SH,2023-07-12,125.16,128.58,124.41,125.0,3827.18,48412.49
688581.SH,2023-07-13,125.57,125.66,122.5,123.23,2684.94,33260.66
688581.SH,2023-07-14,122.0,123.29,120.12,120.54,2252.99,27429.61
688581.SH,2023-07-17,120.54,120.54,117.01,118.6,2537.35,29936.29
688581.SH,2023-07-18,119.5,119.5,116.26,117.68,2046.14,24019.13
688581.SH,2023-07-19,117.84,119.11,116.5,117.22,2386.14,28036.08
688581.SH,2023-07-20,116.38,117.44,110.0,117.37,11695.4,133005.62
688581.SH,2023-07-21,114.99,118.19,114.0,115.0,3394.37,39382.5
688581.SH,2023-07-24,116.23,121.91,113.58,121.2,6281.32,75337.85
688581.SH,2023-07-25,120.02,122.29,118.3,121.7,3882.08,46665.5
688581.SH,2023-07-26,120.51,123.58,120.07,120.33,2602.02,31519.07
688581.SH,2023-07-27,120.02,121.19,118.92,119.92,1602.29,19213.35
688581.SH,2023-07-28,119.39,120.66,118.7,120.66,1165.86,13980.52
688581.SH,2023-07-31,119.88,120.4,110.11,114.44,7491.98,85444.3
688581.SH,2023-08-01,113.75,113.75,106.1,107.28,7150.83,77840.09
688581.SH,2023-08-02,105.06,106.93,102.78,104.0,4511.08,46939.92
688581.SH,2023-08-03,103.8,104.61,101.41,103.52,4158.87,42761.16
688581.SH,2023-08-04,103.35,106.6,102.5,104.06,6909.08,72471.03
688581.SH,2023-08-07,103.53,103.53,93.11,96.0,14421.67,138969.76
688581.SH,2023-08-08,95.4,98.99,94.95,96.0,7048.71,68419.32
688581.SH,2023-08-09,95.66,97.86,95.03,96.97,5353.16,52010.54
688581.SH,2023-08-10,96.5,99.46,96.06,99.18,4381.07,43032.15
688581.SH,2023-08-11,99.13,99.75,97.82,98.2,3166.95,31301.94
688581.SH,2023-08-14,99.8,100.95,96.59,100.89,3820.47,37750.64
688581.SH,2023-08-15,100.01,103.87,99.25,103.6,5940.15,60636.37
688581.SH,2023-08-16,105.73,107.7,100.23,102.0,7726.93,79831.52
688581.SH,2023-08-17,102.1,102.1,98.69,100.98,4960.83,49733.52
688581.SH,2023-08-18,101.64,102.9,99.79,100.12,2962.49,30038.45
688581.SH,2023-08-21,98.03,101.49,98.0,98.3,3293.37,32881.74
688581.SH,2023-08-22,98.23,100.8,96.3,98.27,3475.68,34054.32
688581.SH,2023-08-23,97.93,98.5,95.65,95.8,2822.81,27377.26
688581.SH,2023-08-24,96.71,98.38,95.0,97.79,2258.34,21879.05
688581.SH,2023-08-25,97.05,97.97,92.83,92.92,2949.35,27976.67
688581.SH,2023-08-28,101.0,105.0,95.22,95.72,9487.11,94488.1
688581.SH,2023-08-29,95.13,105.94,94.47,104.92,10362.25,106243.34
688581.SH,2023-08-30,105.0,110.18,104.92,105.86,7374.6,78937.93
688581.SH,2023-08-31,105.72,106.27,103.28,104.82,4935.92,51562.11
688581.SH,2023-09-01,104.81,106.49,103.51,103.62,2587.74,27028.0
688581.SH,2023-09-04,104.45,104.45,101.0,101.83,2470.75,25261.12
688581.SH,2023-09-05,102.48,102.5,100.16,100.68,3000.18,30324.93
688581.SH,2023-09-06,101.0,101.0,97.41,98.35,5749.97,56582.76
688581.SH,2023-09-07,98.3,98.78,97.04,97.34,2675.84,26151.96
688581.SH,2023-09-08,97.3,99.27,96.0,97.22,2394.91,23439.01
688581.SH,2023-09-11,97.0,106.0,97.0,105.46,10850.95,112372.7
688581.SH,2023-09-12,104.98,109.33,104.54,105.98,6002.5,64022.92
688581.SH,2023-09-13,105.98,110.28,104.5,106.1,6197.19,66427.33
688581.SH,2023-09-14,106.13,108.29,103.46,104.65,3337.05,35120.03
688581.SH,2023-09-15,104.44,109.38,103.16,107.18,5015.21,53684.22
688581.SH,2023-09-18,107.9,112.22,107.18,107.43,6988.24,76668.47
688581.SH,2023-09-19,109.73,112.5,107.87,109.46,5524.24,60469.73
688581.SH,2023-09-20,108.3,109.78,106.66,106.91,2668.49,28837.76
688581.SH,2023-09-21,106.91,107.5,105.0,105.24,2275.39,24116.8
688581.SH,2023-09-22,105.0,106.3,103.63,105.61,3850.52,40519.97
688581.SH,2023-09-25,105.6,108.68,104.01,107.87,4189.68,44419.91
688581.SH,2023-09-26,107.0,111.44,106.79,109.0,4188.15,45767.31
688581.SH,2023-09-27,109.5,113.97,108.87,113.88,7318.32,81881.78
688581.SH,2023-09-28,112.87,116.88,112.1,116.0,5673.13,65317.99
688581.SH,2023-10-09,115.5,115.5,112.09,113.05,2005.78,22657.43
688581.SH,2023-10-10,113.08,115.58,109.03,109.56,3729.96,41417.81
688581.SH,2023-10-11,108.17,113.9,108.13,111.98,2122.05,23675.71
688581.SH,2023-10-12,111.98,115.89,110.6,115.61,3301.18,37435.48
688581.SH,2023-10-13,114.1,114.7,111.59,112.49,2389.11,26943.72
688581.SH,2023-10-16,111.88,111.94,108.0,108.74,2992.71,32756.97
688581.SH,2023-10-17,109.57,111.4,108.0,110.8,4232.0,46381.17
688581.SH,2023-10-18,109.88,112.28,108.02,111.01,2185.52,24077.6
688581.SH,2023-10-19,110.11,112.88,109.2,109.61,2188.86,24318.93
688581.SH,2023-10-20,111.98,118.0,109.65,112.0,7065.69,80558.37
688581.SH,2023-10-23,111.12,116.0,110.11,113.36,4469.57,50673.11
688581.SH,2023-10-24,113.36,118.88,110.68,116.5,4226.09,48791.39
688581.SH,2023-10-25,116.27,120.38,115.58,118.18,5439.07,64684.15
688581.SH,2023-10-26,119.04,123.0,117.51,122.1,5168.63,62633.68
688581.SH,2023-10-27,121.99,123.22,119.0,120.67,5351.01,64581.73
688581.SH,2023-10-30,120.0,125.25,119.27,120.3,9191.43,111854.47
688581.SH,2023-10-31,120.01,122.18,116.4,118.0,6661.3,78662.0
688581.SH,2023-11-01,119.3,119.3,115.18,116.5,4281.63,49821.37
688581.SH,2023-11-02,116.49,117.5,114.6,115.45,4095.84,47387.68
688581.SH,2023-11-03,115.65,118.0,113.59,116.78,4783.49,55586.4
688581.SH,2023-11-06,116.82,121.75,116.82,119.6,4201.56,50471.28
688581.SH,2023-11-07,118.91,119.0,116.88,117.19,2350.18,27666.53
688581.SH,2023-11-08,117.44,121.74,116.71,119.4,2960.46,35448.61
688581.SH,2023-11-09,119.95,119.95,116.04,116.04,2850.0,33437.27
688581.SH,2023-11-10,116.0,116.0,112.21,114.25,9659.03,110141.37
688581.SH,2023-11-13,114.94,115.49,111.11,112.0,4491.08,50621.2
688581.SH,2023-11-14,111.94,112.87,111.08,112.26,3178.28,35563.66
688581.SH,2023-11-15,112.35,113.85,112.35,113.1,1955.86,22119.53
688581.SH,2023-11-16,111.66,113.14,110.88,112.0,2234.85,24937.05
688581.SH,2023-11-17,112.54,114.4,111.29,113.68,3385.98,38221.0
688581.SH,2023-11-20,113.73,116.88,111.7,115.45,9862.36,112200.85
688581.SH,2023-11-21,115.44,115.44,112.31,112.4,4759.48,54100.59
688581.SH,2023-11-22,112.0,114.7,112.0,112.6,4423.48,50221.56
688581.SH,2023-11-23,112.1,115.96,111.89,115.52,4340.23,49777.99
688581.SH,2023-11-24,114.51,115.48,113.22,114.96,3004.11,34373.62
688581.SH,2023-11-27,114.21,119.96,114.01,117.48,5943.53,69757.07
688581.SH,2023-11-28,116.5,119.0,115.9,117.15,2867.38,33607.92
688581.SH,2023-11-29,116.88,117.88,115.88,116.77,2258.37,26366.43
688581.SH,2023-11-30,116.69,116.8,114.51,116.54,1787.9,20701.58
688581.SH,2023-12-01,116.99,118.32,114.85,117.61,2522.64,29415.63
688581.SH,2023-12-04,117.98,118.5,115.32,116.6,2705.54,31523.53
688581.SH,2023-12-05,116.01,118.59,115.55,116.38,3011.31,35201.43
688581.SH,2023-12-06,115.88,116.58,113.7,114.71,2809.91,32268.72
688581.SH,2023-12-07,114.71,115.33,114.0,114.0,1424.17,16307.49
688581.SH,2023-12-08,114.88,117.38,114.0,117.1,3075.24,35788.15
688581.SH,2023-12-11,117.0,123.0,116.33,121.97,4636.88,55927.37
688581.SH,2023-12-12,122.78,122.83,120.69,122.08,2050.4,24980.42
688581.SH,2023-12-13,121.55,122.7,121.06,121.69,1908.11,23234.04
688581.SH,2023-12-14,122.31,122.46,118.59,118.6,2061.57,24799.77
688581.SH,2023-12-15,118.73,119.5,117.35,118.02,1224.05,14472.51
688581.SH,2023-12-18,118.57,118.76,115.9,116.4,1809.73,21279.71
688581.SH,2023-12-19,116.1,116.6,114.8,115.38,1665.61,19232.29
688581.SH,2023-12-20,115.1,116.95,115.08,116.18,1512.42,17555.0
688581.SH,2023-12-21,116.78,117.18,113.98,115.65,2059.84,23775.67
688581.SH,2023-12-22,116.0,116.37,111.9,112.42,2629.05,29946.56
688581.SH,2023-12-25,112.5,115.22,111.97,114.65,2014.01,22965.38
688581.SH,2023-12-26,114.63,114.66,111.63,112.1,1742.26,19614.24
688581.SH,2023-12-27,112.66,118.96,112.01,117.6,3704.46,43107.52
688581.SH,2023-12-28,118.45,119.5,116.6,118.69,4244.41,50211.13
688581.SH,2023-12-29,117.89,127.1,117.89,124.81,8534.21,106254.24
688581.SH,2024-01-02,124.78,125.38,123.2,123.42,3127.87,38844.63
688581.SH,2024-01-03,123.31,125.57,122.61,124.2,3675.6,45427.93
688581.SH,2024-01-04,124.77,125.99,124.1,125.18,1981.91,24771.63
688581.SH,2024-01-05,124.66,125.79,118.02,119.0,2675.02,32353.59
688581.SH,2024-01-08,118.8,118.8,114.75,115.45,2490.9,28981.05
688581.SH,2024-01-09,115.45,118.43,114.92,116.66,1693.33,19723.5
688581.SH,2024-01-10,116.01,118.35,112.7,116.6,3006.13,34930.72
688581.SH,2024-01-11,117.56,120.88,115.81,118.47,2441.28,29073.17
688581.SH,2024-01-12,118.0,120.5,118.0,118.46,1416.45,16918.84
688581.SH,2024-01-15,118.56,121.79,117.59,120.07,1168.24,14044.73
688581.SH,2024-01-16,125.76,128.47,120.11,123.4,9719.95,119942.97
688581.SH,2024-01-17,122.45,126.0,119.61,119.92,6329.14,78118.92
688581.SH,2024-01-18,119.8,122.7,115.6,122.0,4253.61,50295.44
688581.SH,2024-01-19,120.98,123.0,119.59,119.67,1807.62,21889.09
688581.SH,2024-01-22,119.0,119.84,112.72,113.0,5421.07,62306.02
688581.SH,2024-01-23,112.98,114.84,111.62,113.85,3071.67,34831.97
688581.SH,2024-01-24,114.0,114.78,110.55,113.54,2926.1,33018.87
688581.SH,2024-01-25,113.66,117.71,110.07,116.0,4943.15,56395.27
688581.SH,2024-01-26,115.99,116.51,108.51,109.15,3608.59,40592.45
688581.SH,2024-01-29,109.15,111.99,102.08,102.15,6067.47,64302.24
688581.SH,2024-01-30,100.63,104.47,99.06,100.4,2911.3,29586.42
688581.SH,2024-01-31,99.92,101.17,95.97,96.01,4073.92,39978.09
688581.SH,2024-02-01,92.92,92.92,76.81,76.81,25282.88,197500.57
688581.SH,2024-02-02,73.0,77.37,71.09,73.55,16575.84,122348.48
688581.SH,2024-02-05,71.99,72.66,63.07,65.0,16192.4,108544.7
688581.SH,2024-02-06,64.5,73.08,60.09,71.01,16414.79,110211.68
688581.SH,2024-02-07,70.88,75.98,69.06,71.3,13866.0,99992.47
688581.SH,2024-02-08,72.01,77.81,70.13,77.22,11242.12,83714.99
688581.SH,2024-02-19,78.5,80.0,77.22,77.76,9249.52,72419.11
688581.SH,2024-02-20,77.76,78.58,75.82,77.52,7032.75,54274.21
688581.SH,2024-02-21,77.51,79.41,75.47,78.11,10882.42,84922.1
688581.SH,2024-02-22,77.94,78.88,76.66,78.27,6661.22,51774.51
688581.SH,2024-02-23,78.99,82.49,77.76,81.59,9545.42,76229.42
688581.SH,2024-02-26,81.61,83.5,79.6,82.59,8881.04,72560.4
688581.SH,2024-02-27,83.09,84.79,82.6,84.1,10514.4,88006.98
688581.SH,2024-02-28,84.8,85.58,79.06,79.3,15677.33,129208.74
688581.SH,2024-02-29,78.58,81.5,77.11,80.7,10271.38,81668.36
688581.SH,2024-03-01,81.0,81.7,78.6,79.71,6960.21,55486.81
688581.SH,2024-03-04,79.7,81.29,79.0,80.76,6497.25,52111.07
688581.SH,2024-03-05,80.6,80.6,79.0,79.29,5309.76,42293.3
688581.SH,2024-03-06,79.6,80.21,78.02,78.51,4991.72,39451.3
688581.SH,2024-03-07,78.8,79.3,77.1,77.1,5175.9,40501.41
688581.SH,2024-03-08,77.02,78.45,76.9,78.19,4130.55,32085.8
688581.SH,2024-03-11,78.2,80.08,77.6,80.0,5018.45,39702.99
688581.SH,2024-03-12,80.0,81.99,80.0,81.41,6100.7,49579.13
688581.SH,2024-03-13,81.4,81.4,79.3,79.63,8125.94,65031.75
688581.SH,2024-03-14,80.14,81.18,77.41,78.0,10885.83,85739.66
688581.SH,2024-03-15,77.48,78.55,76.76,78.1,5469.94,42428.79
688581.SH,2024-03-18,78.5,84.02,78.5,83.69,14478.75,118836.25
688581.SH,2024-03-19,83.87,83.9,81.44,81.82,6718.66,55272.09
688581.SH,2024-03-20,82.0,82.86,80.57,81.8,6031.73,49193.73
688581.SH,2024-03-21,82.0,82.5,79.85,80.5,5982.35,48380.33
688581.SH,2024-03-22,79.91,80.2,77.21,77.84,6627.95,51854.53
688581.SH,2024-03-25,77.98,77.98,75.35,75.43,5709.17,43893.67
688581.SH,2024-03-26,75.1,75.91,73.71,74.92,4194.67,31338.08
688581.SH,2024-03-27,74.93,75.35,72.17,72.5,3678.43,27231.49
688581.SH,2024-03-28,72.3,74.96,72.06,73.89,3485.5,25747.47
688581.SH,2024-03-29,73.75,74.9,73.67,74.9,2271.86,16918.48
688581.SH,2024-04-01,75.49,77.6,74.92,77.46,3523.72,26916.56
688581.SH,2024-04-02,77.6,77.6,75.72,76.51,2680.24,20457.21
688581.SH,2024-04-03,76.55,77.32,75.8,76.71,2117.15,16190.48
688581.SH,2024-04-08,76.68,76.68,72.6,73.0,4328.02,32073.4
688581.SH,2024-04-09,72.99,74.88,72.01,74.76,2289.81,16931.34
688581.SH,2024-04-10,74.6,74.6,71.11,71.5,3451.94,24949.57
688581.SH,2024-04-11,71.11,72.35,69.0,69.08,5454.87,38500.15
688581.SH,2024-04-12,69.08,70.82,69.0,69.27,2727.67,19072.35
688581.SH,2024-04-15,69.42,72.58,68.12,69.39,5991.6,42204.82
688581.SH,2024-04-16,68.94,68.94,64.81,64.93,5362.42,35540.6
688581.SH,2024-04-17,65.33,67.77,65.33,66.9,5083.9,33845.77
688581.SH,2024-04-18,66.81,68.92,65.81,68.13,4635.06,31262.16
688581.SH,2024-04-19,67.02,68.67,66.7,68.53,3507.06,23666.19
688581.SH,2024-04-22,68.02,70.51,67.74,70.36,5500.66,38214.91
688581.SH,2024-04-23,75.9,77.39,72.81,73.43,16294.39,121727.62
688581.SH,2024-04-24,74.49,79.9,74.03,79.86,18855.71,146795.9
688581.SH,2024-04-25,80.12,80.96,77.88,78.15,9754.19,77125.33
688581.SH,2024-04-26,78.0,79.39,77.7,78.38,9913.31,77821.59
688581.SH,2024-04-29,78.13,82.96,78.13,82.08,10180.52,82507.64
688581.SH,2024-04-30,81.53,84.8,81.53,83.87,9181.72,76509.47
688581.SH,2024-05-06,83.99,88.57,83.53,88.23,13959.47,120915.34
688581.SH,2024-05-07,88.9,89.0,87.62,87.87,7611.37,67062.3
688581.SH,2024-05-08,87.88,88.47,84.41,84.73,12045.3,103485.25
688581.SH,2024-05-09,84.74,85.73,83.88,84.0,8767.52,74015.17
688581.SH,2024-05-10,83.85,84.0,81.21,82.12,7680.57,63257.89
688581.SH,2024-05-13,81.99,82.0,79.37,79.63,7896.72,63353.92
688581.SH,2024-05-14,79.98,81.38,79.84,80.42,4923.64,39757.09
688581.SH,2024-05-15,80.39,80.98,79.18,79.2,4913.35,39261.23
688581.SH,2024-05-16,79.87,81.16,79.24,79.52,4565.19,36614.49
688581.SH,2024-05-17,79.48,80.22,78.32,79.46,5961.74,47231.28
688581.SH,2024-05-20,79.63,82.79,79.53,81.0,7139.85,58168.97
688581.SH,2024-05-21,80.0,80.38,78.25,78.81,7458.38,58985.07
688581.SH,2024-05-22,79.9,79.9,78.5,78.87,4149.67,32751.0
688581.SH,2024-05-23,78.9,78.9,77.91,77.98,3822.9,29936.85
688581.SH,2024-05-24,78.83,78.83,77.51,77.51,4059.14,31562.27
688581.SH,2024-05-27,77.92,79.68,77.26,79.0,5645.74,44470.75
688581.SH,2024-05-28,79.0,79.9,78.02,78.29,4169.6,32884.6
688581.SH,2024-05-29,78.64,78.68,77.3,77.82,4069.17,31706.01
688581.SH,2024-05-30,77.45,78.36,77.29,78.3,2265.66,17646.45
688581.SH,2024-05-31,79.0,81.48,78.32,80.16,6074.6,48683.83
688581.SH,2024-06-03,80.5,81.39,79.15,79.39,5426.87,43436.7
688581.SH,2024-06-04,79.85,81.32,79.0,81.26,4656.94,37364.05
688581.SH,2024-06-05,81.0,82.3,79.74,79.8,4969.33,40163.64
688581.SH,2024-06-06,79.7,80.14,76.67,77.13,6674.59,51904.55
688581.SH,2024-06-07,77.0,77.86,75.7,76.48,4863.8,37219.23
688581.SH,2024-06-11,76.43,77.79,74.85,77.7,3799.78,29084.83
688581.SH,2024-06-12,78.0,80.45,77.7,79.86,4512.55,35917.98
688581.SH,2024-06-13,79.22,82.38,79.22,81.62,5438.86,44099.55
688581.SH,2024-06-14,81.5,82.97,80.51,81.3,5578.3,45588.04
688581.SH,2024-06-17,81.6,81.81,78.5,79.26,5929.74,47281.24
688581.SH,2024-06-18,79.5,79.5,77.11,77.31,5787.9,45117.18
688581.SH,2024-06-19,77.33,78.13,75.91,76.95,5533.06,42549.04
688581.SH,2024-06-20,76.31,79.2,76.31,76.79,8112.73,63166.11
688581.SH,2024-06-21,54.38,54.66,52.72,54.14,6439.3,34532.51
688581.SH,2024-06-24,54.2,55.29,50.0,50.3,9633.07,50363.64
688581.SH,2024-06-25,50.3,50.89,49.55,49.79,4560.09,22852.2
688581.SH,2024-06-26,49.18,51.58,49.18,51.16,4662.53,23625.21
688581.SH,2024-06-27,50.86,51.04,49.33,49.38,5100.82,25587.73
688581.SH,2024-06-28,49.36,50.89,48.81,48.93,4892.22,24384.06
688581.SH,2024-07-01,48.95,50.48,48.16,50.19,6094.92,30198.7
688581.SH,2024-07-02,50.6,51.98,50.01,50.45,5492.97,28000.57
688581.SH,2024-07-03,50.93,50.93,48.8,48.9,4399.09,21700.41
688581.SH,2024-07-04,49.05,49.25,48.01,48.04,3801.95,18508.46
688581.SH,2024-07-05,48.57,49.45,47.2,49.0,3925.56,18983.23
688581.SH,2024-07-08,48.15,48.73,47.52,47.6,3656.74,17573.85
688581.SH,2024-07-09,47.99,49.77,47.01,49.13,5373.98,26030.79
688581.SH,2024-07-10,48.55,49.73,48.12,49.04,3819.85,18779.2
688581.SH,2024-07-11,49.27,50.69,49.27,50.12,4808.66,24121.74
688581.SH,2024-07-12,50.85,50.85,49.72,50.22,3447.61,17307.44
688581.SH,2024-07-15,50.03,50.19,49.04,49.15,3320.52,16395.65
688581.SH,2024-07-16,48.88,49.22,48.15,48.22,3498.91,16959.33
688581.SH,2024-07-17,48.26,48.77,47.84,48.37,3379.83,16320.19
688581.SH,2024-07-18,47.92,50.34,47.5,49.63,5953.37,29264.59
688581.SH,2024-07-19,49.97,51.29,49.37,50.74,5951.69,30112.4
688581.SH,2024-07-22,50.37,52.17,50.37,50.89,6749.91,34594.11
688581.SH,2024-07-23,50.7,51.4,49.5,49.55,5123.07,25825.67
688581.SH,2024-07-24,50.3,50.3,48.78,49.52,4219.69,20884.92
688581.SH,2024-07-25,48.65,50.0,48.65,49.08,3620.71,17867.01
688581.SH,2024-07-26,48.83,49.6,48.5,49.05,3321.33,16257.6
688581.SH,2024-07-29,48.91,49.32,48.45,48.51,1854.25,9019.89
688581.SH,2024-07-30,48.1,49.3,48.0,49.07,2497.95,12184.58
688581.SH,2024-07-31,49.08,51.46,48.69,51.1,6002.21,30475.74
688581.SH,2024-08-01,51.48,51.77,50.14,50.38,3489.1,17692.65
688581.SH,2024-08-02,50.2,52.0,50.0,50.3,4322.87,22035.72
688581.SH,2024-08-05,50.0,51.47,49.67,49.79,5072.83,25595.84
688581.SH,2024-08-06,50.07,51.16,50.07,50.95,4009.55,20312.73
688581.SH,2024-08-07,51.5,53.04,50.71,52.35,9992.83,52080.23
688581.SH,2024-08-08,52.36,53.36,51.85,53.36,11403.76,60076.39
688581.SH,2024-08-09,56.5,57.58,53.81,53.81,25839.35,142862.16
688581.SH,2024-08-12,53.96,55.55,53.21,53.5,13463.26,73276.01
688581.SH,2024-08-13,54.08,54.33,52.87,53.68,7801.51,41606.72
688581.SH,2024-08-14,53.68,53.69,52.4,52.48,4952.19,26241.87
688581.SH,2024-08-15,52.48,53.47,52.05,52.5,6287.0,33158.17
688581.SH,2024-08-16,50.96,51.28,49.74,49.91,15919.29,80199.54
688581.SH,2024-08-19,49.84,50.21,49.0,49.27,6344.39,31507.95
688581.SH,2024-08-20,48.81,49.86,48.5,48.76,7916.7,38772.13
688581.SH,2024-08-21,48.61,48.89,47.99,48.41,4446.43,21526.12
688581.SH,2024-08-22,48.17,49.0,47.52,47.52,4235.01,20347.33
688581.SH,2024-08-23,47.4,47.88,46.9,47.3,4585.67,21662.75
688581.SH,2024-08-26,47.3,48.36,46.83,48.18,4609.03,22063.39
688581.SH,2024-08-27,48.49,48.82,48.0,48.44,2888.87,14000.18
688581.SH,2024-08-28,48.1,49.15,47.9,48.81,3275.09,15925.68
688581.SH,2024-08-29,49.29,50.25,48.51,49.8,4910.69,24421.03
688581.SH,2024-08-30,50.16,51.27,49.51,50.8,7628.25,38580.31
688581.SH,2024-09-02,50.91,52.38,50.55,51.1,9769.57,50412.38
688581.SH,2024-09-03,51.0,52.38,50.57,50.85,5059.75,26010.34
688581.SH,2024-09-04,50.98,51.77,50.48,51.0,3931.4,20147.68
688581.SH,2024-09-05,51.1,51.66,50.71,51.1,3198.47,16412.26
688581.SH,2024-09-06,51.06,51.32,49.55,49.75,4657.73,23430.34
688581.SH,2024-09-09,49.32,49.75,48.46,48.63,4642.42,22784.95
688581.SH,2024-09-10,48.8,49.75,48.45,49.58,7151.86,35094.32
688581.SH,2024-09-11,49.58,51.33,49.09,50.29,9821.05,49595.01
688581.SH,2024-09-12,50.1,50.54,49.19,49.22,5565.42,27755.98
688581.SH,2024-09-13,49.87,49.87,48.0,48.0,5184.61,25154.65
688581.SH,2024-09-18,47.85,48.3,47.23,47.84,2836.91,13529.12
688581.SH,2024-09-19,48.14,49.87,48.14,48.69,4811.08,23518.61
688581.SH,2024-09-20,48.98,48.98,47.8,48.2,3672.5,17667.82
688581.SH,2024-09-23,48.5,48.69,47.73,48.46,2923.12,14093.44
688581.SH,2024-09-24,48.46,50.58,48.21,50.48,10351.36,51510.54
688581.SH,2024-09-25,51.0,51.85,50.68,50.84,7767.24,39842.58
688581.SH,2024-09-26,50.97,53.49,50.43,53.37,8192.86,42651.52
688581.SH,2024-09-27,54.57,55.99,54.23,55.9,7808.42,42958.51
688581.SH,2024-09-30,57.7,64.8,57.17,63.71,26855.7,163125.87
688581.SH,2024-10-08,74.88,74.88,63.73,68.0,36522.77,253163.66
688581.SH,2024-10-09,67.0,67.02,59.8,60.21,26387.72,167046.55
688581.SH,2024-10-10,60.59,62.2,59.01,60.21,16597.35,100786.83
688581.SH,2024-10-11,60.22,60.42,56.21,57.15,12774.54,73987.0
688581.SH,2024-10-14,56.6,58.5,55.71,57.63,11416.79,65248.08
688581.SH,2024-10-15,56.75,58.51,56.61,56.83,9838.73,56557.23
688581.SH,2024-10-16,56.05,57.2,55.78,56.19,5073.91,28591.95
688581.SH,2024-10-17,56.47,57.7,56.06,56.06,6984.12,39791.23
688581.SH,2024-10-18,55.83,60.0,55.83,58.12,12778.73,73675.05
688581.SH,2024-10-21,58.61,61.32,58.36,59.4,12460.0,74597.05
688581.SH,2024-10-22,59.4,60.39,58.6,59.91,8615.21,51321.28
688581.SH,2024-10-23,60.0,60.6,59.2,60.19,8753.08,52483.76
688581.SH,2024-10-24,59.89,63.5,59.89,62.0,16781.31,103838.75
688581.SH,2024-10-25,59.02,61.89,57.71,61.3,26988.15,160372.89
688581.SH,2024-10-28,61.05,61.3,59.7,60.88,13875.23,83881.69
688581.SH,2024-10-29,60.88,61.76,59.12,59.4,11414.07,68446.78
688581.SH,2024-10-30,59.01,59.58,57.0,57.33,10869.81,63077.36
688581.SH,2024-10-31,57.34,58.25,57.2,57.61,7392.15,42666.28
688581.SH,2024-11-01,57.08,58.5,56.81,56.85,9404.8,53935.29
688581.SH,2024-11-04,56.8,58.82,56.75,58.28,9781.12,56719.85
688581.SH,2024-11-05,58.69,59.93,58.15,59.69,14442.9,85635.02
688581.SH,2024-11-06,59.66,60.53,59.02,59.55,11882.6,71087.14
688581.SH,2024-11-07,59.37,60.8,58.8,60.76,13611.0,81525.8
688581.SH,2024-11-08,62.39,63.3,61.49,61.8,17009.69,106054.09
688581.SH,2024-11-11,61.77,64.66,61.13,64.38,14521.13,91828.54
688581.SH,2024-11-12,64.45,68.18,64.15,64.99,17680.02,116835.68
688581.SH,2024-11-13,64.8,65.49,62.66,63.98,9404.71,59919.48
688581.SH,2024-11-14,63.63,64.03,61.61,62.0,9691.91,60727.25
688581.SH,2024-11-15,62.17,63.29,61.03,61.21,9016.72,56065.26
688581.SH,2024-11-18,61.34,62.58,59.72,60.1,6965.28,42323.2
688581.SH,2024-11-19,60.1,62.89,60.1,62.89,9969.49,61807.89
688581.SH,2024-11-20,62.89,64.38,62.62,63.83,8483.92,54023.68
688581.SH,2024-11-21,63.85,64.85,63.0,63.7,5838.98,37208.35
688581.SH,2024-11-22,62.88,63.72,60.31,60.47,6937.68,42789.74
688581.SH,2024-11-25,60.37,61.57,60.0,61.1,5365.38,32663.02
688581.SH,2024-11-26,60.85,63.0,60.66,60.92,4785.94,29523.41
688581.SH,2024-11-27,60.26,62.01,59.18,61.93,6249.41,37842.78
688581.SH,2024-11-28,62.05,63.5,61.81,62.11,6792.49,42532.66
688581.SH,2024-11-29,61.85,64.4,61.54,63.94,9336.63,59214.55
688581.SH,2024-12-02,63.8,64.9,63.43,63.94,6196.79,39694.48
688581.SH,2024-12-03,63.61,64.2,63.0,63.61,4272.27,27118.65
688581.SH,2024-12-04,63.61,63.68,61.9,62.38,4604.15,28813.37
688581.SH,2024-12-05,61.98,63.65,61.98,62.82,3725.06,23455.26
688581.SH,2024-12-06,63.0,63.44,62.1,62.88,5274.58,33144.42
688581.SH,2024-12-09,62.96,63.09,62.02,62.4,3555.63,22233.02
688581.SH,2024-12-10,63.82,64.76,63.01,63.19,7944.38,50640.43
688581.SH,2024-12-11,63.18,65.19,62.46,65.19,11063.67,71003.73
688581.SH,2024-12-12,64.83,65.67,64.36,65.34,5304.02,34466.08
688581.SH,2024-12-13,65.0,65.84,63.63,63.63,7020.73,45269.9
688581.SH,2024-12-16,63.98,64.2,62.64,63.02,4493.39,28384.02
688581.SH,2024-12-17,62.89,63.14,61.05,61.25,6981.7,43252.55
688581.SH,2024-12-18,61.25,62.08,60.5,61.41,4047.62,24917.48
688581.SH,2024-12-19,60.64,61.95,60.61,61.64,3680.95,22536.51
688581.SH,2024-12-20,61.7,64.42,61.64,63.58,9497.8,60419.28
688581.SH,2024-12-23,63.11,63.92,60.96,61.22,6839.11,42667.87
688581.SH,2024-12-24,61.24,63.0,61.22,62.17,4165.75,25881.47
688581.SH,2024-12-25,62.66,63.47,61.19,61.57,4940.3,30569.79
688581.SH,2024-12-26,61.28,62.11,61.28,61.35,4183.86,25750.79
688581.SH,2024-12-27,61.39,61.45,60.51,60.8,4094.24,24954.32
688581.SH,2024-12-30,60.61,61.6,59.88,60.71,4233.56,25761.42
688581.SH,2024-12-31,60.85,60.88,59.21,59.69,3813.56,22894.504
688581.SH,2025-01-02,59.03,59.5,57.5,57.85,4104.51,24076.8
688581.SH,2025-01-03,58.32,58.79,56.51,56.6,3674.98,21198.78
688581.SH,2025-01-06,57.01,58.0,56.36,57.32,2449.16,14035.27
688581.SH,2025-01-07,57.36,57.38,55.8,57.3,3659.91,20755.61
688581.SH,2025-01-08,57.0,57.5,55.35,57.27,4220.67,23893.58
688581.SH,2025-01-09,56.9,57.4,56.59,57.04,3403.61,19416.01
688581.SH,2025-01-10,55.42,55.42,53.79,53.89,9019.82,49255.3
688581.SH,2025-01-13,53.38,54.65,53.13,54.18,4693.28,25331.99
688581.SH,2025-01-14,54.5,56.3,54.49,56.19,5691.7,31619.45
688581.SH,2025-01-15,55.97,56.68,55.42,55.77,3270.38,18314.74
688581.SH,2025-01-16,55.78,56.83,55.71,56.22,3610.24,20326.84
688581.SH,2025-01-17,56.01,58.38,55.72,58.0,4564.43,26087.96
688581.SH,2025-01-20,58.38,61.75,57.6,59.91,8421.37,50935.71
688581.SH,2025-01-21,59.92,60.72,58.8,60.46,4250.62,25455.25
688581.SH,2025-01-22,60.03,60.58,58.71,59.17,3151.3,18689.92
688581.SH,2025-01-23,59.58,60.11,58.9,58.9,3484.36,20692.33
688581.SH,2025-01-24,58.89,59.29,58.17,58.75,3596.72,21051.03
688581.SH,2025-01-27,58.84,59.95,58.59,59.28,3268.2,19410.68
688581.SH,2025-02-05,59.9,59.9,57.95,58.13,4183.59,24487.15
688581.SH,2025-02-06,57.99,58.88,57.75,58.81,3390.57,19830.52
688581.SH,2025-02-07,58.98,59.57,58.7,59.35,5012.85,29691.49
688581.SH,2025-02-10,59.35,59.85,58.7,59.81,4242.04,25240.75
688581.SH,2025-02-11,59.94,59.94,58.83,58.95,4413.4,26109.14
688581.SH,2025-02-12,58.8,59.09,58.41,58.99,3785.28,22239.76
688581.SH,2025-02-13,59.0,59.07,58.4,58.41,3639.26,21356.43
688581.SH,2025-02-14,58.3,59.87,58.3,59.51,6179.14,36678.83
688581.SH,2025-02-17,59.62,61.58,59.62,60.18,7743.41,47031.89
688581.SH,2025-02-18,60.18,60.5,58.76,58.96,6062.12,36144.2
688581.SH,2025-02-19,58.96,60.22,58.79,60.18,5514.22,32886.7
688581.SH,2025-02-20,60.07,61.95,59.83,61.39,9677.78,59400.56
688581.SH,2025-02-21,61.28,62.3,60.72,61.84,8609.7,53175.18
688581.SH,2025-02-24,61.97,62.5,60.65,61.78,5843.81,36050.4
688581.SH,2025-02-25,61.11,62.0,60.75,61.25,5851.68,35891.49
688581.SH,2025-02-26,61.24,62.19,60.85,61.78,5572.16,34330.45
688581.SH,2025-02-27,65.5,71.29,65.06,70.82,37567.93,258609.23
688581.SH,2025-02-28,69.6,70.67,68.09,70.1,24269.11,168920.21
688581.SH,2025-03-03,70.4,71.86,68.83,69.12,20165.49,141232.31
688581.SH,2025-03-04,69.15,71.5,69.15,70.85,12263.31,86558.23
688581.SH,2025-03-05,70.16,71.01,69.3,70.33,10298.62,72259.35
688581.SH,2025-03-06,70.6,74.56,70.6,73.5,20967.7,153500.47
688581.SH,2025-03-07,73.5,74.8,71.8,72.39,9166.39,66872.6
688581.SH,2025-03-10,72.98,73.48,70.39,70.61,8974.79,63742.26
688581.SH,2025-03-11,70.4,70.4,68.36,69.04,9542.18,65876.86
688581.SH,2025-03-12,69.03,69.5,68.58,68.88,5122.33,35350.48
688581.SH,2025-03-13,69.12,69.9,67.38,68.45,8061.61,55055.56
688581.SH,2025-03-14,68.45,69.19,67.88,69.0,5402.54,37156.04
688581.SH,2025-03-17,68.94,69.78,68.6,69.01,5387.38,37246.55
688581.SH,2025-03-18,69.02,70.13,68.88,69.3,6058.14,42039.74
688581.SH,2025-03-19,69.32,69.77,68.47,68.63,4001.28,27569.46
688581.SH,2025-03-20,68.9,68.99,67.56,67.74,4068.49,27717.9
688581.SH,2025-03-21,67.58,68.09,66.52,66.74,5133.13,34477.57
688581.SH,2025-03-24,67.0,67.13,65.44,66.39,4394.52,29159.33
688581.SH,2025-03-25,66.6,67.68,65.9,67.0,4173.56,27885.73
688581.SH,2025-03-26,66.98,68.36,66.68,68.15,5500.34,37344.88
688581.SH,2025-03-27,67.51,69.26,67.3,68.84,5246.1,35972.12
688581.SH,2025-03-28,68.7,72.2,68.7,71.48,12604.28,89777.35
688581.SH,2025-03-31,70.79,71.85,69.73,71.06,6288.5,44563.18
688581.SH,2025-04-01,70.9,73.08,70.29,72.06,8067.13,58247.18
688581.SH,2025-04-02,72.07,73.5,71.3,73.38,7903.22,57555.43
688581.SH,2025-04-03,71.0,72.96,69.21,69.79,9903.02,69944.93
688581.SH,2025-04-07,64.88,64.88,56.1,58.79,15221.6,92586.43
688581.SH,2025-04-08,59.0,61.37,57.3,58.88,9724.71,57433.8
688581.SH,2025-04-09,57.67,59.66,55.01,59.14,10017.52,57924.21
688581.SH,2025-04-10,60.2,62.49,60.2,61.42,8850.11,54539.95
688581.SH,2025-04-11,60.5,62.98,60.31,62.05,6826.55,42447.35
688581.SH,2025-04-14,62.52,64.49,61.51,62.31,7266.33,45992.26
688581.SH,2025-04-15,62.05,63.11,61.7,62.97,4216.93,26279.11
688581.SH,2025-04-16,62.97,63.41,60.88,61.72,4040.63,25034.79
688581.SH,2025-04-17,61.15,62.49,61.15,61.6,2464.73,15236.38
688581.SH,2025-04-18,61.92,62.23,60.7,61.62,4221.54,25895.84
688581.SH,2025-04-21,62.19,64.36,61.6,64.15,6789.62,43130.12
688581.SH,2025-04-22,64.48,65.96,63.69,65.75,8927.94,58022.97
688581.SH,2025-04-23,62.0,62.64,60.22,61.44,20214.0,123816.05
688581.SH,2025-04-24,61.39,61.39,59.5,59.99,14773.47,88879.45
688581.SH,2025-04-25,59.98,60.33,59.29,60.11,5348.29,32040.73
688581.SH,2025-04-28,60.41,60.45,58.41,58.84,7063.83,41747.19
688581.SH,2025-04-29,59.33,59.36,58.24,58.41,6708.55,39321.66
688581.SH,2025-04-30,58.02,58.93,58.02,58.51,4137.22,24261.08
688581.SH,2025-05-06,58.96,59.67,58.71,59.55,5686.64,33696.6
688581.SH,2025-05-07,59.83,60.4,59.36,60.0,6412.83,38418.11
688581.SH,2025-05-08,60.11,60.97,59.87,60.66,6278.0,38044.22
688581.SH,2025-05-09,60.51,60.8,59.85,60.32,4157.77,25000.03
688581.SH,2025-05-12,60.32,60.97,60.2,60.47,5209.92,31493.3
688581.SH,2025-05-13,60.95,62.48,60.95,61.65,9716.62,60085.44
688581.SH,2025-05-14,61.65,61.9,60.66,61.06,5630.89,34449.36
688581.SH,2025-05-15,61.5,61.57,60.26,60.45,3118.17,18862.47
688581.SH,2025-05-16,60.5,60.72,60.03,60.39,3486.09,21050.03
688581.SH,2025-05-19,60.71,60.95,60.08,60.86,3526.11,21308.19
688581.SH,2025-05-20,60.97,63.38,60.63,62.85,9906.41,61786.56
688581.SH,2025-05-21,62.87,63.58,62.45,63.03,5672.76,35738.1
688581.SH,2025-05-22,62.68,63.23,61.77,61.79,3218.01,20004.13
688581.SH,2025-05-23,61.78,65.42,61.48,65.1,16591.29,106499.68
688581.SH,2025-05-26,64.6,66.38,63.6,64.08,6380.99,41170.55
688581.SH,2025-05-27,64.8,64.8,63.02,63.5,4293.65,27338.16
688581.SH,2025-05-28,63.4,65.17,63.36,64.02,5626.63,36223.69
688581.SH,2025-05-29,63.99,65.73,63.72,64.92,5652.2,36674.91
688581.SH,2025-05-30,64.22,65.5,63.65,64.08,5991.12,38608.73
688581.SH,2025-06-03,64.0,64.8,63.66,63.99,4225.11,27049.55
688581.SH,2025-06-04,64.16,64.6,63.55,63.94,4910.81,31438.0
688581.SH,2025-06-05,64.04,64.19,63.52,63.94,3734.34,23862.39
688581.SH,2025-06-06,63.94,64.1,63.3,63.73,3888.08,24765.73
688581.SH,2025-06-09,63.75,64.34,63.45,63.8,7334.85,46891.87
688581.SH,2025-06-10,64.08,65.3,63.4,64.97,10209.16,65750.45
688581.SH,2025-06-11,64.92,66.07,64.57,64.85,6053.28,39452.81
688581.SH,2025-06-12,65.3,65.83,64.25,64.85,5579.1,36222.75
688581.SH,2025-06-13,64.73,65.41,63.08,63.19,5974.2,38161.92
688581.SH,2025-06-16,63.3,64.46,63.02,63.77,4128.7,26383.16
688581.SH,2025-06-17,63.81,64.94,63.51,64.47,5607.67,36101.59
688581.SH,2025-06-18,64.74,64.74,63.18,63.71,4399.84,27968.44
688581.SH,2025-06-19,63.77,63.99,62.05,62.4,4149.9,26109.17
688581.SH,2025-06-20,62.55,62.82,62.0,62.15,2322.47,14499.55
688581.SH,2025-06-23,61.06,62.54,60.51,62.36,2646.57,16467.75
688581.SH,2025-06-24,62.59,63.75,62.56,63.18,3420.09,21621.08
688581.SH,2025-06-25,63.54,63.97,63.11,63.57,4443.01,28172.35
688581.SH,2025-06-26,63.54,63.76,63.23,63.62,3822.99,24283.65
688581.SH,2025-06-27,63.62,64.2,63.31,63.9,4635.03,29628.09
688581.SH,2025-06-30,63.9,65.08,63.88,64.83,4046.65,26157.49
688581.SH,2025-07-01,65.0,68.49,64.5,67.86,10212.73,68567.23
688581.SH,2025-07-02,67.6,68.08,66.35,66.74,5445.13,36426.54
688581.SH,2025-07-03,65.18,65.75,64.3,65.71,9734.61,63498.41
688581.SH,2025-07-04,65.58,66.18,64.52,64.54,6907.92,44927.99
688581.SH,2025-07-07,64.54,65.3,63.8,63.98,6043.7,38961.52
688581.SH,2025-07-08,63.97,65.25,63.75,65.01,8149.53,52608.85
688581.SH,2025-07-09,63.5,64.58,63.33,63.72,5152.06,32970.23
688581.SH,2025-07-10,63.73,64.43,63.45,63.8,5669.85,36197.72
688581.SH,2025-07-11,63.47,64.88,63.22,64.49,8142.66,52230.15
688581.SH,2025-07-14,64.48,64.7,63.8,64.1,3700.25,23762.21
688581.SH,2025-07-15,64.69,65.15,63.0,63.8,7446.95,47524.8
688581.SH,2025-07-16,63.7,66.74,63.7,66.17,13409.98,87743.02
688581.SH,2025-07-17,66.19,71.78,65.8,71.04,23303.26,162340.99
688581.SH,2025-07-18,70.98,71.82,69.88,71.59,12416.7,88050.32
688581.SH,2025-07-21,71.61,71.88,70.0,70.57,6548.69,46401.6
688581.SH,2025-07-22,70.5,73.91,70.2,72.8,12776.38,92703.07
688581.SH,2025-07-23,72.03,73.71,71.36,72.18,6493.59,46899.56
688581.SH,2025-07-24,72.0,77.4,71.77,75.88,21634.08,162219.64
688581.SH,2025-07-25,76.26,84.58,75.98,82.5,32686.97,268368.91
688581.SH,2025-07-28,83.7,83.97,81.23,82.35,16685.92,137208.32
688581.SH,2025-07-29,82.27,82.35,80.01,80.71,15435.32,124930.53
688581.SH,2025-07-30,80.8,81.8,78.5,79.08,16635.4,132970.3
688581.SH,2025-07-31,79.0,83.94,78.21,80.61,20764.9,169379.54
688581.SH,2025-08-01,80.96,82.5,78.64,79.63,12922.39,103885.16
688581.SH,2025-08-04,78.58,81.88,77.51,81.33,13032.01,104358.34
688581.SH,2025-08-05,81.21,82.87,80.6,81.96,9624.66,78613.64
688581.SH,2025-08-06,82.88,82.88,78.51,79.0,14760.3,117609.45
688581.SH,2025-08-07,79.0,82.18,78.01,79.19,12194.63,97852.14
688581.SH,2025-08-08,77.99,80.6,75.91,78.02,19266.14,150765.68
688581.SH,2025-08-11,77.83,82.77,77.83,81.6,21852.04,176997.27
688581.SH,2025-08-12,81.6,88.52,81.19,84.89,28083.12,241653.17
688581.SH,2025-08-13,85.05,86.88,83.73,85.27,13898.45,118804.89
688581.SH,2025-08-14,85.56,86.4,80.7,80.7,15997.41,131477.04
688581.SH,2025-08-15,81.3,84.12,80.49,82.53,8492.98,70053.92
688581.SH,2025-08-18,82.78,86.3,82.78,85.75,17211.04,145735.13
688581.SH,2025-08-19,85.69,86.4,81.5,82.9,20946.15,174728.67
688581.SH,2025-08-20,83.26,88.35,81.98,87.93,25717.99,219784.18
688581.SH,2025-08-21,88.61,88.96,83.65,84.09,13861.25,118431.69
688581.SH,2025-08-22,84.0,84.19,82.29,83.59,12254.24,101805.27
688581.SH,2025-08-25,83.66,84.8,81.88,82.97,15173.82,126401.92
688581.SH,2025-08-26,82.43,83.26,81.03,81.1,10329.55,84625.89
688581.SH,2025-08-27,81.1,82.5,78.39,78.78,13679.6,110006.85
688581.SH,2025-08-28,78.78,79.31,75.03,76.78,17495.01,134137.06
688581.SH,2025-08-29,76.71,77.36,75.1,75.89,15941.72,121323.94
688581.SH,2025-09-01,75.44,76.5,74.6,75.3,18714.12,140994.95
688581.SH,2025-09-02,75.3,75.97,72.47,73.23,13385.8,98899.09
688581.SH,2025-09-03,73.86,74.69,72.9,74.09,9985.1,73814.98
688581.SH,2025-09-04,74.3,74.87,71.5,72.36,9981.92,73031.53
688581.SH,2025-09-05,72.62,73.11,72.09,73.07,8178.92,59369.35
688581.SH,2025-09-08,72.89,78.6,72.89,77.85,21736.95,166059.02
688581.SH,2025-09-09,77.38,78.04,75.15,75.54,11849.82,91132.22
688581.SH,2025-09-10,75.08,76.78,73.82,74.31,10484.67,78220.99
688581.SH,2025-09-11,74.08,76.1,72.71,75.99,9471.42,70613.85
688581.SH,2025-09-12,76.28,76.58,74.75,75.2,7069.93,53380.94
688581.SH,2025-09-15,75.48,77.47,74.22,74.76,8714.21,65876.57
688581.SH,2025-09-16,74.98,75.49,73.68,74.4,7144.29,53110.96
688581.SH,2025-09-17,74.6,74.85,72.82,73.62,9357.34,68774.09
688581.SH,2025-09-18,73.67,74.65,71.88,72.5,10574.3,77827.67
688581.SH,2025-09-19,72.4,73.5,72.07,72.8,4911.23,35724.99
688581.SH,2025-09-22,73.03,74.13,72.56,73.13,4894.8,35847.85
688581.SH,2025-09-23,73.13,75.01,71.21,73.0,8571.48,62301.79
688581.SH,2025-09-24,72.5,75.2,72.31,74.6,10081.52,74976.39
688581.SH,2025-09-25,74.6,75.1,73.91,74.9,7957.87,59477.9
688581.SH,2025-09-26,74.54,74.58,72.53,72.7,6911.72,50732.53
688581.SH,2025-09-29,72.55,73.01,71.6,72.29,5473.98,39502.52
688581.SH,2025-09-30,72.39,74.4,72.14,74.15,6374.32,46856.92
688581.SH,2025-10-09,73.78,75.03,73.72,74.13,7575.76,56298.94
688581.SH,2025-10-10,73.37,75.11,71.81,71.9,9924.43,72354.33
688581.SH,2025-10-13,69.8,70.53,68.17,68.84,14038.79,96901.49
688581.SH,2025-10-14,69.55,70.47,67.77,68.07,11152.91,76933.6
688581.SH,2025-10-15,68.75,68.75,67.35,68.16,9579.34,64978.66
688581.SH,2025-10-16,67.5,68.8,66.81,66.99,10296.18,69571.01
688581.SH,2025-10-17,66.99,67.18,64.81,64.81,11030.59,72595.57
688581.SH,2025-10-20,65.13,65.8,64.5,65.22,5687.07,37079.32
688581.SH,2025-10-21,65.5,66.6,65.19,66.56,6109.55,40278.53
688581.SH,2025-10-22,66.66,66.93,65.62,65.92,4201.88,27760.03
688581.SH,2025-10-23,65.88,65.88,64.22,65.3,8029.21,52046.01
688581.SH,2025-10-24,65.44,66.18,65.31,65.69,4978.75,32714.81
688581.SH,2025-10-27,66.0,66.39,65.51,66.2,7162.51,47223.25
688581.SH,2025-10-28,64.07,66.1,63.08,63.41,22995.73,147503.84
688581.SH,2025-10-29,63.2,63.94,61.92,62.25,16144.68,100906.7
688581.SH,2025-10-30,62.68,63.3,61.7,61.82,8495.65,53015.42
688581.SH,2025-10-31,61.82,62.99,61.82,62.5,8215.62,51427.48
688581.SH,2025-11-03,62.35,62.98,61.85,62.85,8096.55,50544.77
688581.SH,2025-11-04,62.8,62.8,61.23,61.8,11300.2,69856.89
688581.SH,2025-11-05,61.42,62.71,61.42,62.43,8682.2,54010.91
688581.SH,2025-11-06,62.21,62.78,62.07,62.4,6187.16,38592.17
688581.SH,2025-11-07,62.29,62.64,61.27,61.31,12856.82,79307.42
688581.SH,2025-11-10,61.33,62.09,61.13,61.84,8499.4,52469.91
688581.SH,2025-11-11,61.65,62.3,61.65,62.06,8269.04,51250.23
688581.SH,2025-11-12,61.88,62.85,61.6,62.59,11265.24,70296.41
688581.SH,2025-11-13,62.85,63.74,62.35,62.79,9273.4,58216.92
688581.SH,2025-11-14,62.12,63.36,62.12,62.42,8529.35,53635.58
688581.SH,2025-11-17,62.41,62.49,61.42,61.66,7285.57,44915.76
688581.SH,2025-11-18,61.65,61.65,60.51,60.64,11393.23,69388.53
688581.SH,2025-11-19,60.52,60.9,59.34,59.46,7628.37,45591.77
688581.SH,2025-11-20,59.78,59.94,58.92,59.06,5985.33,35446.62
688581.SH,2025-11-21,58.8,59.3,57.3,57.4,9008.15,52239.73
688581.SH,2025-11-24,57.5,58.41,57.4,58.0,5227.44,30273.35
688581.SH,2025-11-25,58.42,59.19,58.12,58.7,6604.63,38832.36
688581.SH,2025-11-26,58.67,59.6,58.58,58.69,4543.92,26836.48
688581.SH,2025-11-27,58.94,59.65,58.67,59.12,5040.73,29899.17
688581.SH,2025-11-28,59.55,59.66,58.33,59.05,5383.24,31632.92
688581.SH,2025-12-01,59.2,59.78,59.03,59.57,5638.28,33454.94
688581.SH,2025-12-02,59.33,59.79,58.82,58.85,3356.16,19822.93
688581.SH,2025-12-03,59.29,59.29,58.42,58.71,4105.52,24076.58
688581.SH,2025-12-04,58.42,58.78,58.02,58.62,4159.46,24309.87
688581.SH,2025-12-05,58.52,59.18,58.0,59.07,3935.88,23047.84
688581.SH,2025-12-08,59.1,59.6,58.91,59.28,3857.42,22871.01
688581.SH,2025-12-09,59.28,59.47,58.64,58.7,3029.37,17888.64
688581.SH,2025-12-10,58.7,58.99,58.35,58.93,4659.74,27307.61
688581.SH,2025-12-11,59.14,59.96,58.92,58.95,5702.61,33860.94
688581.SH,2025-12-12,58.99,59.38,58.41,58.78,5330.14,31472.91
688581.SH,2025-12-15,58.51,59.51,58.5,58.84,4434.89,26250.19
688581.SH,2025-12-16,58.84,59.17,57.9,58.06,4493.4,26200.52
688581.SH,2025-12-17,58.29,58.3,57.2,58.1,5601.79,32397.72
688581.SH,2025-12-18,58.06,58.98,57.67,58.74,4680.33,27428.29
688581.SH,2025-12-19,58.74,59.68,58.74,59.6,5970.01,35498.66
688581.SH,2025-12-22,59.6,60.18,59.34,59.61,4943.76,29491.59
688581.SH,2025-12-23,59.61,59.82,58.8,58.83,4192.08,24788.94
688581.SH,2025-12-24,58.83,59.12,58.6,59.12,3708.82,21849.43
688581.SH,2025-12-25,59.45,60.39,59.13,60.11,6475.18,38756.73
688581.SH,2025-12-26,60.2,60.59,59.68,60.41,6529.22,39306.82
688581.SH,2025-12-29,60.41,60.41,59.59,59.71,4174.06,24984.94
688581.SH,2025-12-30,59.56,59.66,59.21,59.23,3893.63,23095.87
688581.SH,2025-12-31,59.25,59.56,58.49,58.63,6540.48,38432.965
688581.SH,2026-01-05,58.81,61.12,58.64,60.87,14818.58,89664.74
688581.SH,2026-01-06,61.13,62.26,60.82,61.41,9747.7,59855.69
688581.SH,2026-01-07,61.45,61.94,60.73,61.79,7967.02,48983.77
688581.SH,2026-01-08,61.6,62.73,61.41,62.45,9857.11,61416.62
688581.SH,2026-01-09,62.44,63.28,61.98,62.91,11952.91,75025.39
688581.SH,2026-01-12,62.81,63.43,62.58,62.95,10840.24,68209.69
688581.SH,2026-01-13,63.01,65.16,62.84,63.98,16735.68,107466.83
688581.SH,2026-01-14,64.0,67.87,63.64,66.39,26397.69,174953.34
688581.SH,2026-01-15,66.47,66.99,64.91,65.04,13903.07,91190.57
688581.SH,2026-01-16,65.4,65.74,63.6,63.72,12502.84,80325.48
688581.SH,2026-01-19,64.3,64.3,63.54,64.22,5603.93,35821.54
688581.SH,2026-01-20,63.96,65.13,63.05,63.33,8605.92,54965.09
688581.SH,2026-01-21,63.03,64.55,63.03,63.9,6775.87,43364.77
688581.SH,2026-01-22,63.9,64.02,62.8,63.13,7890.42,49904.96
688581.SH,2026-01-23,63.4,64.45,63.07,64.3,7869.48,50295.2
688581.SH,2026-01-26,64.3,64.47,63.22,63.8,8229.61,52396.25
688581.SH,2026-01-27,63.48,63.77,61.5,63.36,10751.03,67380.6
688581.SH,2026-01-28,64.0,64.0,62.12,62.2,5951.6,37290.83
688581.SH,2026-01-29,62.11,62.67,61.57,61.7,6180.06,38258.16
688581.SH,2026-01-30,61.71,62.13,61.04,61.31,4957.93,30479.6
688581.SH,2026-02-02,61.5,61.5,59.81,60.09,6052.19,36701.52
688581.SH,2026-02-03,60.11,61.17,60.11,61.17,3837.49,23299.24
688581.SH,2026-02-04,61.26,61.26,60.51,61.09,2726.29,16586.57
688581.SH,2026-02-05,61.08,61.57,60.88,61.4,5015.65,30772.78
688581.SH,2026-02-06,61.4,61.6,60.88,61.15,3971.54,24370.68
688581.SH,2026-02-09,61.6,62.0,61.3,61.78,3468.48,21435.86
688581.SH,2026-02-10,62.08,62.08,61.27,61.33,4310.3,26515.78
688581.SH,2026-02-11,61.33,61.56,61.1,61.12,3347.53,20506.85
688581.SH,2026-02-12,61.4,61.41,60.71,60.97,2761.56,16851.54
688581.SH,2026-02-13,60.94,61.28,60.53,60.7,3370.32,20544.02
688581.SH,2026-02-24,60.99,61.18,60.6,60.75,2801.16,17024.45
688581.SH,2026-02-25,60.73,61.36,60.73,61.22,3214.14,19675.96
688581.SH,2026-02-26,61.4,61.58,61.09,61.31,3035.92,18590.41
688581.SH,2026-02-27,61.0,61.19,59.73,60.09,9557.71,57515.03
688581.SH,2026-03-02,59.51,59.68,58.08,58.15,8966.73,52537.86
688581.SH,2026-03-03,58.08,58.52,57.51,57.6,5416.52,31399.86
688581.SH,2026-03-04,57.44,57.74,57.31,57.42,2729.67,15701.34
688581.SH,2026-03-05,57.7,58.16,57.64,57.7,2109.89,12201.39
688581.SH,2026-03-06,57.99,58.26,57.64,58.12,4644.9,26940.38
688581.SH,2026-03-09,57.5,57.88,57.02,57.53,3212.38,18404.1
688581.SH,2026-03-10,57.74,58.64,57.63,58.5,3903.59,22780.99
688581.SH,2026-03-11,58.51,58.7,58.06,58.1,2567.07,14941.06
688581.SH,2026-03-12,58.0,58.38,57.87,58.08,2129.45,12365.29
688581.SH,2026-03-13,58.29,58.37,58.01,58.14,2196.21,12773.68
688581.SH,2026-03-16,58.14,58.35,57.64,58.34,2368.96,13766.25
688581.SH,2026-03-17,58.3,58.65,57.94,57.94,2946.11,17165.78
688581.SH,2026-03-18,58.14,58.18,57.57,57.97,2852.63,16472.93
688581.SH,2026-03-19,57.87,57.87,56.86,56.96,2565.6,14694.12
688581.SH,2026-03-20,56.8,56.8,55.08,55.08,5650.17,31413.3
688581.SH,2026-03-23,54.7,54.7,52.4,52.48,4631.37,24734.26
688581.SH,2026-03-24,53.33,53.66,52.71,53.62,2203.83,11718.97
688581.SH,2026-03-25,53.92,54.56,53.58,54.27,1859.28,10079.93
688581.SH,2026-03-26,54.24,54.78,53.63,53.63,1831.37,9924.57
688581.SH,2026-03-27,53.16,54.64,53.16,54.43,2131.99,11556.01
688581.SH,2026-03-30,54.25,54.75,53.61,54.0,2496.62,13490.13
688581.SH,2026-03-31,53.98,54.65,53.5,53.67,2437.46,13192.41
688581.SH,2026-04-01,54.0,55.5,54.0,55.4,4268.97,23517.88
688581.SH,2026-04-02,55.26,55.71,54.11,54.6,3676.2,20092.9
688581.SH,2026-04-03,54.4,54.42,53.43,53.74,2021.84,10881.5
688581.SH,2026-04-07,53.69,54.21,53.58,54.03,1777.19,9599.02
688581.SH,2026-04-08,54.8,55.6,54.65,55.6,4671.74,25738.14
688581.SH,2026-04-09,55.3,55.54,54.94,55.08,3321.93,18350.1
688581.SH,2026-04-10,55.05,56.1,55.05,55.65,2736.02,15240.98
688581.SH,2026-04-13,55.53,55.64,55.05,55.29,2043.32,11304.12
688581.SH,2026-04-14,55.55,55.98,55.28,55.61,2163.77,12003.94
688581.SH,2026-04-15,55.58,56.26,55.58,55.96,2213.94,12378.86
688581.SH,2026-04-16,55.96,56.38,55.6,56.18,1985.71,11119.01
688581.SH,2026-04-17,56.16,56.31,55.61,55.88,2564.28,14325.31
688581.SH,2026-04-20,55.83,56.64,55.5,56.29,2986.56,16793.72
688581.SH,2026-04-21,56.08,56.57,55.68,56.11,1891.66,10594.23
688581.SH,2026-04-22,56.11,56.43,55.75,56.16,2143.64,12020.84
688581.SH,2026-04-23,56.86,58.5,56.86,58.16,12105.6,70201.34
688581.SH,2026-04-24,57.58,59.28,57.58,58.92,8636.03,50634.32
688581.SH,2026-04-27,59.28,59.38,58.47,58.55,4570.82,26896.45
688581.SH,2026-04-28,58.31,62.5,58.31,61.8,22770.39,139076.41
688581.SH,2026-04-29,62.88,65.96,60.9,62.77,31460.74,200662.5
688581.SH,2026-04-30,62.5,62.6,60.01,60.6,18113.2,110679.87
688581.SH,2026-05-06,61.56,61.57,59.71,60.37,15006.16,90324.142
688581.SH,2026-05-07,60.3,61.16,59.7,60.3,9233.52,55621.665
688581.SH,2026-05-08,60.34,63.66,59.88,63.38,16227.46,99910.292
688581.SH,2026-05-11,64.03,66.66,63.61,63.62,20724.34,134520.522
688581.SH,2026-05-12,64.8,64.8,62.26,64.1,13278.92,84189.417
688581.SH,2026-05-13,64.09,74.36,64.09,69.8,55573.02,391941.03
688581.SH,2026-05-14,68.01,68.01,64.32,64.36,31172.59,204157.73
688581.SH,2026-05-15,63.74,64.37,62.03,62.62,18014.99,113950.795
688581.SH,2026-05-18,62.56,62.56,60.8,61.6,12784.03,78348.504
688581.SH,2026-05-19,61.6,62.88,60.82,61.88,7958.78,49094.469
688581.SH,2026-05-20,61.88,62.34,60.12,60.99,8952.79,54441.809
688581.SH,2026-05-21,61.07,63.0,58.61,59.07,15587.97,94952.821
688581.SH,2026-05-22,59.1,62.3,58.84,61.86,12996.83,78908.42
688581.SH,2026-05-25,62.38,62.39,60.8,61.41,7872.22,48229.756
688581.SH,2026-05-26,61.21,61.45,59.05,59.8,7077.06,42416.477
688581.SH,2026-05-27,59.51,59.8,57.71,58.06,8128.7,47466.762
688581.SH,2026-05-28,57.56,58.37,56.0,57.12,6861.61,39025.014
688581.SH,2026-05-29,57.12,57.3,55.6,55.99,6769.36,37990.661
688581.SH,2026-06-01,55.55,57.0,55.39,56.0,6151.34,34502.814
688581.SH,2026-06-02,56.39,56.39,54.87,55.34,4798.22,26517.595
688581.SH,2026-06-03,55.07,55.56,54.0,54.89,4840.18,26513.551
688581.SH,2026-06-04,54.89,54.9,53.21,53.59,3791.49,20441.111
688581.SH,2026-06-05,53.89,55.39,53.89,55.02,5779.0,31694.68
688581.SH,2026-06-08,54.01,55.6,54.0,54.61,3818.0,20936.02
688581.SH,2026-06-09,54.37,54.88,53.8,54.4,3386.18,18315.14
688581.SH,2026-06-22,52.82,53.59,51.61,53.26,5185.17,27158.743
