ts_code,name,industry,sig_date,report_type,npy,or_yoy,mv_yi,pe_ttm
301266.SZ,宇邦新材,电气设备,2026-09-07,2,88.9,10.4,33.9,55.4
600516.SH,方大炭素,矿物制品,2026-08-31,2,213.5,16.6,209.8,100.1
300169.SZ,天晟新材,塑料,2026-08-31,2,109.6,7.6,19.1,31.4
000716.SZ,黑芝麻,食品,2026-08-31,2,302.9,28.5,40.7,
688193.SH,仁度生物,医疗保健,2026-08-31,2,369.9,-2.2,18.1,102.4
300675.SZ,建科院,建筑工程,2026-08-31,2,62.7,-11.3,18.5,
600691.SH,潞化科技,农药化肥,2026-08-31,2,120.1,-8.2,73.7,
300583.SZ,赛托生物,化学制药,2026-08-31,2,157.4,20.7,24.4,250.0
688330.SH,宏力达,电气设备,2026-08-31,2,194.7,2.8,49.1,5.9
002631.SZ,德尔未来,家居用品,2026-08-28,2,60.8,-27.0,75.4,
603135.SH,中重科技,专用机械,2026-08-28,2,90.8,51.8,53.8,
688680.SH,海优新材,塑料,2026-08-28,2,64.3,-3.5,30.3,
002573.SZ,清新环境,环境保护,2026-08-28,2,227.8,-9.5,45.1,
688390.SH,固德威,电气设备,2026-08-28,2,1825.9,53.0,139.6,31.9
301111.SZ,粤万年青,中成药,2026-08-28,2,144.1,-6.5,32.6,549.7
002636.SZ,金安国纪,元器件,2026-08-28,2,986.7,65.7,600.3,60.3
300094.SZ,国联水产,渔业,2026-08-28,2,101.9,-12.5,35.5,
688230.SH,芯导科技,半导体,2026-08-28,2,50.4,27.1,66.1,50.3
002961.SZ,瑞达期货,多元金融,2026-08-28,2,80.0,60.3,92.3,12.7
002466.SZ,天齐锂业,小金属,2026-08-28,2,4925.5,153.3,736.6,15.9
000016.SZ,*ST康佳A,家用电器,2026-08-28,2,54.9,-26.6,,
300215.SZ,电科院,电气设备,2026-08-27,2,200.2,15.7,47.8,80.2
300493.SZ,润欣科技,元器件,2026-08-27,2,54.4,1.8,62.6,87.5
600095.SH,湘财股份,证券,2026-08-27,2,273.7,-95.0,245.3,28.8
688790.SH,昂瑞微,半导体,2026-08-27,2,487.2,-8.4,96.6,125.0
300456.SZ,赛微电子,半导体,2026-08-27,2,415612.1,-68.7,253.7,6.1
688575.SH,亚辉龙,医疗保健,2026-08-27,2,167.0,9.8,54.5,81.0
301031.SZ,中熔电气,电气设备,2026-08-26,2,82.4,62.8,130.5,25.2
301555.SZ,惠柏新材,化工原料,2026-08-26,2,85.5,34.9,31.0,30.6
300327.SZ,中颖电子,半导体,2026-08-26,2,72.9,10.8,79.8,88.6
301630.SZ,同宇新材,化工原料,2026-08-26,2,79.6,32.5,103.5,57.5
603165.SH,荣晟环保,造纸,2026-08-26,2,65.5,11.3,42.0,14.1
301149.SZ,隆华新材,化工原料,2026-08-26,2,77.3,40.2,48.3,24.0
300013.SZ,新宁物流,仓储物流,2026-08-26,2,1942.9,301.9,24.1,
301606.SZ,绿联科技,元器件,2026-08-25,2,56.9,50.9,221.6,25.7
300642.SZ,透景生命,医疗保健,2026-08-25,2,315.9,17.8,26.4,214.2
300082.SZ,奥克股份,化工原料,2026-08-25,2,4621.1,12.4,55.3,82.5
688203.SH,海正生材,塑料,2026-08-25,2,557.6,48.5,28.4,102.9
300268.SZ,佳沃食品,农业综合,2026-08-24,2,99.1,-66.1,21.1,
600805.SH,悦达投资,综合类,2026-08-24,2,321.6,8.6,39.0,47.5
301216.SZ,万凯新材,化工原料,2026-08-24,2,910.1,17.5,100.3,14.9
300399.SZ,天利科技,互联网,2026-08-21,2,60.9,19.9,38.8,3005.7
300418.SZ,昆仑万维,互联网,2026-08-20,2,227.2,43.5,563.0,160.5
600078.SH,澄星股份,化工原料,2026-08-18,2,533.8,20.4,70.3,65.4
688385.SH,复旦微电,半导体,2026-08-18,2,338.6,21.0,429.0,48.3
301129.SZ,瑞纳智能,电器仪表,2026-08-18,2,267.2,14.6,31.0,24.4
688077.SH,大地熊,矿物制品,2026-08-18,2,54.0,35.5,29.8,42.9
688779.SH,五矿新能,电气设备,2026-08-18,2,1507.6,169.0,143.5,22.7
688380.SH,中微半导,半导体,2026-08-17,2,98.5,44.0,149.4,40.4
688469.SH,芯联集成,半导体,2026-08-11,2,263.4,30.5,704.1,
688130.SH,晶华微,半导体,2026-08-10,2,91.2,36.3,26.1,
300426.SZ,华智数媒,影视音像,2026-08-10,2,160.7,21.5,33.1,
001258.SZ,立新能源,新型电力,2026-08-10,2,715.8,29.8,106.9,71.7
301366.SZ,一博科技,元器件,2026-08-03,2,1561.5,41.6,125.9,141.2
002458.SZ,益生股份,农业综合,2026-07-23,2,4897.3,28.4,126.2,27.0
300809.SZ,华辰装备,机床制造,2026-06-05,4,226.1,21.8,58.8,25.5
002636.SZ,金安国纪,元器件,2026-06-05,4,711.5,10.7,600.3,60.3
601566.SH,九牧王,服饰,2026-06-05,4,67.1,-6.5,54.3,34.0
603895.SH,天永智能,专用机械,2026-06-05,4,110.3,13.5,27.8,163.6
300061.SZ,旗天科技,互联网,2026-06-05,4,61.2,-34.0,47.2,
601636.SH,旗滨集团,玻璃,2026-06-05,4,61.8,0.6,168.1,
301321.SZ,翰博高新,元器件,2026-06-05,4,54.9,39.6,82.0,
300106.SZ,西部牧业,乳制品,2026-06-05,4,57.4,-1.4,23.7,99.5
300710.SZ,万隆光电,通信设备,2026-06-05,4,85.3,-22.0,29.8,
300786.SZ,国林科技,环境保护,2026-06-05,4,61.1,13.3,25.7,
603386.SH,骏亚科技,元器件,2026-06-05,4,95.5,8.0,53.7,
300163.SZ,先锋新材,家居用品,2026-06-05,4,820.4,-15.0,35.0,
603045.SH,福达合金,小金属,2026-06-05,4,136.8,30.8,66.5,16.9
300331.SZ,苏大维格,元器件,2026-06-05,4,68.1,10.8,115.8,20239.6
300161.SZ,华中数控,机床制造,2026-06-05,4,129.5,-12.2,50.2,772.8
002520.SZ,日发精机,机床制造,2026-06-05,4,69.1,-34.9,46.7,74.4
603466.SH,风语筑,文教休闲,2026-06-05,4,86.4,20.7,78.9,135.2
003004.SZ,声迅股份,IT设备,2026-06-05,4,77.3,24.6,59.4,
002645.SZ,华宏科技,专用机械,2026-06-05,4,157.5,40.5,130.9,28.0
300159.SZ,新研股份,农用机械,2026-06-05,4,113.5,-4.0,97.1,40.8
601360.SH,三六零,互联网,2026-04-30,4,124.0,9.4,611.8,80.4
600150.SH,中国船舶,船舶,2026-04-30,4,86.0,14.0,2991.4,21.3
301638.SZ,南网数字,软件服务,2026-04-29,1,,,678.5,82.8
003026.SZ,中晶科技,半导体,2026-04-29,4,89.2,1.5,51.1,86.7
002786.SZ,银宝山新,专用机械,2026-04-29,4,76.7,3.7,37.4,
301060.SZ,兰卫医学,医疗保健,2026-04-29,4,71.9,-16.9,39.6,102.4
002780.SZ,三夫户外,服饰,2026-04-29,4,348.2,19.4,21.6,24.1
002111.SZ,威海广泰,航空,2026-04-29,4,72.9,15.1,52.7,25.8
600824.SH,益民集团,百货,2026-04-28,4,244.2,-20.9,39.1,
300302.SZ,同有科技,IT设备,2026-04-28,4,81.3,10.6,130.1,58.2
301118.SZ,恒光股份,化工原料,2026-04-28,4,74.6,21.9,24.6,62.4
301031.SZ,中熔电气,电气设备,2026-04-27,4,116.7,52.9,130.5,25.2
002115.SZ,三维通信,互联网,2026-04-27,4,95.1,9.2,82.7,239.0
301665.SZ,泰禾股份,农药化肥,2026-04-27,4,75.1,26.7,99.4,19.0
688795.SH,摩尔线程,半导体,2026-04-27,1,,,1682.0,
600148.SH,长春一东,汽车配件,2026-04-27,4,592.5,11.0,22.5,111.7
002799.SZ,环球印务,广告包装,2026-04-24,4,58.0,-42.2,21.7,
600333.SH,长春燃气,供气供热,2026-04-24,4,73.2,6.8,42.3,173.2
301526.SZ,国际复材,玻璃,2026-04-23,4,177.0,17.6,1157.3,170.0
002793.SZ,罗欣药业,化学制药,2026-04-23,4,70.1,-14.1,48.9,
002004.SZ,华邦健康,农药化肥,2026-04-23,4,338.5,-1.3,86.5,13.4
001314.SZ,亿道信息,元器件,2026-04-23,4,91.8,44.2,68.9,27.6
300533.SZ,冰川网络,互联网,2026-04-21,4,295.6,-8.4,48.3,38.7
605168.SH,三人行,互联网,2026-04-20,4,54.0,-12.9,96.0,77.1
300773.SZ,拉卡拉,软件服务,2026-04-17,4,233.3,-3.7,164.1,10.2
603928.SH,兴业股份,化工原料,2026-04-17,4,150.6,7.5,37.9,31.3
301283.SZ,聚胶股份,日用化工,2026-04-16,4,144.6,7.2,29.0,16.0
300681.SZ,英搏尔,汽车配件,2026-04-15,4,161.6,59.5,60.3,22.6
688235.SH,百济神州,生物制药,2026-04-15,4,129.3,40.5,3633.5,84.9
603032.SH,德新科技,专用机械,2026-04-14,4,128.2,53.3,41.8,56.9
600983.SH,惠而浦,家用电器,2026-04-10,4,157.6,23.2,56.2,11.7
300242.SZ,佳云科技,互联网,2026-04-08,4,66.1,15.2,25.2,
605016.SH,百龙创园,食品,2026-04-08,4,50.1,19.7,88.9,21.7
